Start URL,Category,Product,Unit,Price,Slash Price,Details Link
https://myaeon2go.com/products/category/6528959/grocery/pages/1-49,Grocery,Buttercup Butter Blend Spread,1 kg,RM 18.88,RM 21.51,https://myaeon2go.com/product/2096/butter-blend-spread
https://myaeon2go.com/products/category/6528959/grocery/pages/1-49,Grocery,Jasmine Sunwhite Super Import (Wangi Thailand),10 kg,RM 53.88,RM 73.34,https://myaeon2go.com/product/2626/sunwhite-super-import-%28wangi-thailand%29
https://myaeon2go.com/products/category/6528959/grocery/pages/1-49,Grocery,Jasmine Sunwhite Super Import (Wangi Thailand),5 kg,RM 30.88,RM 36.64,https://myaeon2go.com/product/2627/sunwhite-super-import-%28wangi-thailand%29
https://myaeon2go.com/products/category/6528959/grocery/pages/1-49,Grocery,TOPVALU Rice Vermicelli,400 g,RM 6.90,,https://myaeon2go.com/product/30712/rice-vermicelli
https://myaeon2go.com/products/category/6528959/grocery/pages/1-49,Grocery,Maggi 2 Minute Instant Noodle,,RM 4.68 to RM 6.20,RM 5.79,https://myaeon2go.com/product/2450/2-minute-chicken-instant-noodle
https://myaeon2go.com/products/category/6528959/grocery/pages/1-49,Grocery,Maggi 2 Minute Curry Instant Noodle,5 x 79 g,RM 4.68,RM 5.79,https://myaeon2go.com/product/2453/2-minute-curry-instant-noodle
https://myaeon2go.com/products/category/6528959/grocery/pages/1-49,Grocery,CSR Coarse Sugar,1 kg,RM 2.85,,https://myaeon2go.com/product/5429/coarse-sugar
https://myaeon2go.com/products/category/6528959/grocery/pages/1-49,Grocery,Maggi 2 Minute Curry 5+1 Instant Noodle,6 x 79 g,RM 4.68,RM 5.79,https://myaeon2go.com/product/2412/2-minute-curry-5+1-instant-noodle
https://myaeon2go.com/products/category/6528959/grocery/pages/1-49,Grocery,Knife Cooking Oil,5 kg,RM 30.88,RM 35.61,https://myaeon2go.com/product/2231/cooking-oil
https://myaeon2go.com/products/category/6528959/grocery/pages/1-49,Grocery,Mi Sedaap Cup Noodle Goreng,81 g,RM 2.61,,https://myaeon2go.com/product/6183/cup-noodle-goreng
https://myaeon2go.com/products/category/6528959/grocery/pages/1-49,Grocery,Mi Sedaap Cup Noodle,,RM 2.61 to RM 3.15,,https://myaeon2go.com/product/6180/cup-noodle-baso-special
https://myaeon2go.com/products/category/6528959/grocery/pages/1-49,Grocery,Gula Prai Coarse Grain Sugar,1 kg,RM 2.85,,https://myaeon2go.com/product/36017/coarse-grain-sugar
https://myaeon2go.com/products/category/6528959/grocery/pages/1-49,Grocery,Buruh Cooking Oil,5 kg,RM 29.88,RM 30.85,https://myaeon2go.com/product/2236/cooking-oil
https://myaeon2go.com/products/category/6528959/grocery/pages/1-49,Grocery,Maggi Hot Cup Multipack,,RM 14.00,,https://myaeon2go.com/product/6077/maggi-hot-cup-chicken-multipack-6-x-57-g
https://myaeon2go.com/products/category/6528959/grocery/pages/1-49,Grocery,Maggi Hot Cup Curry Multipack,6 x 59 g,RM 14.00,,https://myaeon2go.com/product/6078/maggi-hot-cup-curry-multipack-6-x-59-g
https://myaeon2go.com/products/category/6528959/grocery/pages/1-49,Grocery,Red Eagle Cooking Oil,5 kg,RM 34.88,RM 35.45,https://myaeon2go.com/product/10775/cooking-oil
https://myaeon2go.com/products/category/6528959/grocery/pages/1-49,Grocery,CSR Coarse Sugar,2 kg,RM 5.70,,https://myaeon2go.com/product/3029/coarse-sugar
https://myaeon2go.com/products/category/6528959/grocery/pages/1-49,Grocery,Prego Can Pasta Sauce,,RM 4.88,RM 5.87,https://myaeon2go.com/product/2848/herbs-&-cheese-sauce
https://myaeon2go.com/products/category/6528959/grocery/pages/1-49,Grocery,Double Swallow Garam Halus,450 g,RM 0.95,,https://myaeon2go.com/product/2926/garam-halus
https://myaeon2go.com/products/category/6528959/grocery/pages/1-49,Grocery,Nestle School Pack,140 g,RM 9.90,,https://myaeon2go.com/product/6325/school-pack
https://myaeon2go.com/products/category/6528959/grocery/pages/1-49,Grocery,Maggi 2 Minute Chicken Instant Noodle,5 x 77 g,RM 4.68,RM 5.79,https://myaeon2go.com/product/2450/2-minute-chicken-instant-noodle
https://myaeon2go.com/products/category/6528959/grocery/pages/1-49,Grocery,Prego Spaghetti,500 g,RM 4.58,RM 5.13,https://myaeon2go.com/product/2531/spaghetti
https://myaeon2go.com/products/category/6528959/grocery/pages/1-49,Grocery,Prego Dry Pasta,,RM 4.58,RM 5.13,https://myaeon2go.com/product/2531/spaghetti
https://myaeon2go.com/products/category/6528959/grocery/pages/1-49,Grocery,Sumo Calrose Rice,5 kg,RM 29.88,RM 38.99,https://myaeon2go.com/product/6791/calrose-rice
https://myaeon2go.com/products/category/6528959/grocery/pages/1-49,Grocery,Maggi Hot Cup,,RM 2.50,,https://myaeon2go.com/product/6072/maggi-hot-cup-chicken-57-g
https://myaeon2go.com/products/category/6528959/grocery/pages/1-49,Grocery,Prego Carbonara Mushroom,295 g,RM 4.88,RM 5.87,https://myaeon2go.com/product/2851/carbonara-mushroom
https://myaeon2go.com/products/category/6528959/grocery/pages/1-49,Grocery,Maggi Hot Cup Asam Laksa,59 g,RM 2.50,,https://myaeon2go.com/product/6073/maggi-hot-cup-asam-laksa-59-g
https://myaeon2go.com/products/category/6528959/grocery/pages/1-49,Grocery,Ayam Brand Sardine In Tomato Sauce,155 g,RM 4.85,,https://myaeon2go.com/product/2300/sardine-in-tomato-sauce
https://myaeon2go.com/products/category/6528959/grocery/pages/1-49,Grocery,Maggi Hot Cup Chicken Multipack,6 x 57 g,RM 14.00,,https://myaeon2go.com/product/6077/maggi-hot-cup-chicken-multipack-6-x-57-g
https://myaeon2go.com/products/category/6528959/grocery/pages/1-49,Grocery,Maggi 2 Minute Chicken 5+1 Instant Noodles,6 x 77 g,RM 4.68,RM 5.79,https://myaeon2go.com/product/9031/2-minute-chicken-5+1-instant-noodles
https://myaeon2go.com/products/category/6528959/grocery/pages/1-49,Grocery,Naturel Cooking Oil 3 kg,,RM 29.88,RM 36.74,https://myaeon2go.com/product/2239/blend-oil
https://myaeon2go.com/products/category/6528959/grocery/pages/1-49,Grocery,Naturel Blend Oil,3 kg,RM 29.88,RM 36.74,https://myaeon2go.com/product/2239/blend-oil
https://myaeon2go.com/products/category/6528959/grocery/pages/1-49,Grocery,Nongshim Shin 5 In 1,5 x 120 g,RM 21.88,RM 22.80,https://myaeon2go.com/product/6408/shin-5-in-1
https://myaeon2go.com/products/category/6528959/grocery/pages/1-49,Grocery,Prego Macaroni,500 g,RM 4.58,RM 5.13,https://myaeon2go.com/product/2532/macaroni
https://myaeon2go.com/products/category/6528959/grocery/pages/1-49,Grocery,Mi Sedaap Mi Goreng Asli,5 x 90 g,RM 5.80,,https://myaeon2go.com/product/2475/mi-goreng-asli
https://myaeon2go.com/products/category/6528959/grocery/pages/1-49,Grocery,Kara Coconut Cream,65 ml,RM 1.77,,https://myaeon2go.com/product/49522/kara-coconut-cream-65-ml
https://myaeon2go.com/products/category/6528959/grocery/pages/1-49,Grocery,Mi Sedaap Mi Goreng,,RM 5.54 to RM 5.80,,https://myaeon2go.com/product/2474/mi-goreng-ayam-krispi
https://myaeon2go.com/products/category/6528959/grocery/pages/1-49,Grocery,Maggi Big Curry Instant,5 x 106 g,RM 6.38,RM 7.10,https://myaeon2go.com/product/2456/big-curry-instant
https://myaeon2go.com/products/category/6528959/grocery/pages/1-49,Grocery,Maggi Big Instant,,RM 6.38 to RM 6.68,RM 7.10,https://myaeon2go.com/product/2455/big-chicken-instant
https://myaeon2go.com/products/category/6528959/grocery/pages/1-49,Grocery,Maggi Hot Cup Tom Yam Multipack,6 x 61 g,RM 14.00,,https://myaeon2go.com/product/6079/maggi-hot-cup-tom-yam-multipack-6-x-61-g
https://myaeon2go.com/products/category/6528959/grocery/pages/1-49,Grocery,Ayam Brand Baked Beans 425 g,,RM 4.60,,https://myaeon2go.com/product/2281/baked-beans-in-light-tomato-sauce
https://myaeon2go.com/products/category/6528959/grocery/pages/1-49,Grocery,Ayam Brand Baked Beans,425 g,RM 4.60,,https://myaeon2go.com/product/2283/baked-beans
https://myaeon2go.com/products/category/6528959/grocery/pages/1-49,Grocery,Lee Kum Kee Panda Oyster Sauce,770 g + 255 g,RM 9.88,RM 10.90,https://myaeon2go.com/product/12061/panda-oyster-sauce
https://myaeon2go.com/products/category/6528959/grocery/pages/1-49,Grocery,Ayam Brand Coconut Milk,200 ml,RM 3.58,RM 4.00,https://myaeon2go.com/product/2082/coconut-milk
https://myaeon2go.com/products/category/6528959/grocery/pages/1-49,Grocery,Jati Signature Pusa Finest Basmathi 1121,5 kg,RM 30.48,RM 45.12,https://myaeon2go.com/product/9982/signature-pusa-finest-basmathi-1121
https://myaeon2go.com/products/category/6528959/grocery/pages/1-49,Grocery,Sunflower Japanese Calrose Rice,5 kg,RM 27.88,RM 38.90,https://myaeon2go.com/product/6795/japanese-calrose-rice
https://myaeon2go.com/products/category/6528959/grocery/pages/1-49,Grocery,Ayam Brand Tuna Chunk In Mineral Water Light,150 g,RM 7.59,,https://myaeon2go.com/product/2313/tuna-chunk-in-mineral-water-light
https://myaeon2go.com/products/category/6528959/grocery/pages/1-49,Grocery,Ayam Brand Tuna,,RM 7.59 to RM 7.68,,https://myaeon2go.com/product/2309/tuna-chunk-in-vegetable-oil
https://myaeon2go.com/products/category/6528959/grocery/pages/1-49,Grocery,Nestle Fitnesse Red Berries Single Bar,23.5 g,RM 2.49,,https://myaeon2go.com/product/9700/fitnesse-red-berries-single-bar
https://myaeon2go.com/products/category/6528959/grocery/pages/1-49,Grocery,Ayam Brand Sardine In Tomato Sauce,425 g,RM 10.41,,https://myaeon2go.com/product/2302/sardine-in-tomato-sauce
https://myaeon2go.com/products/category/6528959/grocery/pages/1-49,Grocery,TOPVALU No.5 Spaghetti,400 g,RM 2.90,,https://myaeon2go.com/product/31158/no.5-spaghetti
https://myaeon2go.com/products/category/6528959/grocery/pages/1-49,Grocery,Nestle Nestum 3 In 1 Original,14 x 28 g,RM 10.98,RM 12.89,https://myaeon2go.com/product/2017/nestum-3-in-1-original
https://myaeon2go.com/products/category/6528959/grocery/pages/1-49,Grocery,Nestle Nestum 3 In 1,,RM 10.98,RM 12.89,https://myaeon2go.com/product/2016/nestum-3-in-1-brown-rice
https://myaeon2go.com/products/category/6528959/grocery/pages/1-49,Grocery,Hosen Whole Mushroom,425 g,RM 4.28,RM 4.95,https://myaeon2go.com/product/2354/whole-mushroom
https://myaeon2go.com/products/category/6528959/grocery/pages/1-49,Grocery,Jasmine Super 5 Imported Thailand,10 kg,RM 36.88,RM 43.00,https://myaeon2go.com/product/2628/super-5-imported-thailand
https://myaeon2go.com/products/category/6528959/grocery/pages/1-49,Grocery,A1 Bihun Beras,455 g,RM 8.88,RM 9.46,https://myaeon2go.com/product/32/bihun-beras
https://myaeon2go.com/products/category/6528959/grocery/pages/1-49,Grocery,Ayam Brand Tuna Chunks In Olive Oil,150 g,RM 7.59,,https://myaeon2go.com/product/2311/tuna-chunks-in-olive-oil
https://myaeon2go.com/products/category/6528959/grocery/pages/1-49,Grocery,Jasmine Santan,200 ml,RM 3.88,RM 4.37,https://myaeon2go.com/product/41769/santan
https://myaeon2go.com/products/category/6528959/grocery/pages/1-49,Grocery,Kara Coconut Cream,110 ml,RM 2.36,,https://myaeon2go.com/product/49548/kara-coconut-cream-110-ml
https://myaeon2go.com/products/category/6528959/grocery/pages/1-49,Grocery,Ayam Brand Tuna Chunk In Water,150 g,RM 7.59,,https://myaeon2go.com/product/2310/tuna-chunk-in-water
https://myaeon2go.com/products/category/6528959/grocery/pages/1-49,Grocery,Nestle Koko Krunch Economy Pack,450 g,RM 17.50,,https://myaeon2go.com/product/2008/nestle-koko-krunch-economy-pack-450-g
https://myaeon2go.com/products/category/6528959/grocery/pages/1-49,Grocery,CED Natural Himalayan Pink Rock Salt,500 g,RM 3.00,,https://myaeon2go.com/product/2923/natural-himalayan-pink-rock-salt
https://myaeon2go.com/products/category/6528959/grocery/pages/1-49,Grocery,Nongshim Shin Ramyun Bowl,114 g,RM 4.98,RM 6.00,https://myaeon2go.com/product/26955/shin-ramyun-bowl
https://myaeon2go.com/products/category/6528959/grocery/pages/1-49,Grocery,MFM Cap Rose All Purpose Flour,850 g,RM 2.70,,https://myaeon2go.com/product/2149/cap-rose-all-purpose-flour
https://myaeon2go.com/products/category/6528959/grocery/pages/1-49,Grocery,Jasmine Beehoon,400 g,RM 2.98,RM 3.50,https://myaeon2go.com/product/2434/beehoon
https://myaeon2go.com/products/category/6528959/grocery/pages/1-49,Grocery,Ayam Brand Tuna Omega-3 Flakes in Extra Virgin Olive Oil,150 g,RM 7.59,,https://myaeon2go.com/product/2314/tuna-omega-3-flakes-in-extra-virgin-olive-oil
https://myaeon2go.com/products/category/6528959/grocery/pages/1-49,Grocery,CSR Natural Brown Sugar,1 kg,RM 5.34,,https://myaeon2go.com/product/3030/natural-brown-sugar
https://myaeon2go.com/products/category/6528959/grocery/pages/1-49,Grocery,Oatside Wholegrain Oat Cereal Bar Strawberry White Chocolate,18 g,RM 2.60,,https://myaeon2go.com/product/56927/oatside-wholegrain-oat-cereal-bar-strawberry-white-chocolate-18-g
https://myaeon2go.com/products/category/6528959/grocery/pages/1-49,Grocery,Buruh Cooking Oil,2 kg,RM 12.88,RM 13.19,https://myaeon2go.com/product/2235/cooking-oil
https://myaeon2go.com/products/category/6528959/grocery/pages/1-49,Grocery,San Remo No.5 Spaghetti,500 g,RM 5.30,,https://myaeon2go.com/product/2553/san-remo-spaghetti-no-5500-g
https://myaeon2go.com/products/category/6528959/grocery/pages/1-49,Grocery,San Remo Dry Pasta,,RM 5.30 to RM 5.50,,https://myaeon2go.com/product/2552/san-remo-active-vegeroni-spiral-no-121375-g
https://myaeon2go.com/products/category/6528959/grocery/pages/1-49,Grocery,Life Chili Sauce,500 g,RM 5.33,,https://myaeon2go.com/product/2788/chili-sauce
https://myaeon2go.com/products/category/6528959/grocery/pages/1-49,Grocery,Indomie Mi Goreng,,RM 5.70 to RM 5.81,,https://myaeon2go.com/product/2428/mi-goreng-pedas
https://myaeon2go.com/products/category/6528959/grocery/pages/1-49,Grocery,Faiza Tepung Gandum,1 kg,RM 3.46,,https://myaeon2go.com/product/2110/tepung-gandum
https://myaeon2go.com/products/category/6528959/grocery/pages/1-49,Grocery,Maggi Chicken Stock Cube,60 g,RM 3.35,,https://myaeon2go.com/product/8377/chicken-stock-cube
https://myaeon2go.com/products/category/6528959/grocery/pages/1-49,Grocery,Cap Kipas Udang Kicap Kacang Soya Manis,645 ml,RM 12.30,,https://myaeon2go.com/product/7759/kicap-kacang-soya-manis
https://myaeon2go.com/products/category/6528959/grocery/pages/1-49,Grocery,Sunflower Basmathi Pusa 1121 Cream,5 kg,RM 34.88,RM 52.50,https://myaeon2go.com/product/2657/basmathi-pusa-1121-cream
https://myaeon2go.com/products/category/6528959/grocery/pages/1-49,Grocery,Prego Herbs & Cheese Sauce,290 g,RM 4.88,RM 5.87,https://myaeon2go.com/product/2848/herbs-&-cheese-sauce
https://myaeon2go.com/products/category/6528959/grocery/pages/1-49,Grocery,Bakers Choice Vitamin Flour,1 kg,RM 2.88,RM 3.59,https://myaeon2go.com/product/26443/vitamin-flour
https://myaeon2go.com/products/category/6528959/grocery/pages/1-49,Grocery,Kewpie Dressing Roasted Sesame,500 g,RM 16.88,RM 19.90,https://myaeon2go.com/product/2738/dressing-roasted-sesame
https://myaeon2go.com/products/category/6528959/grocery/pages/1-49,Grocery,Youmee Plain Air Dried Noodles,420 g,RM 6.88,RM 7.62,https://myaeon2go.com/product/2579/plain-air-dried-noodles
https://myaeon2go.com/products/category/6528959/grocery/pages/1-49,Grocery,Naturel Pure Sunflower Oil,3 kg,RM 29.88,RM 36.74,https://myaeon2go.com/product/6253/pure-sunflower-oil
https://myaeon2go.com/products/category/6528959/grocery/pages/1-49,Grocery,Ayam Brand Baked Beans 230 g,,RM 3.29,,https://myaeon2go.com/product/2278/baked-beans
https://myaeon2go.com/products/category/6528959/grocery/pages/1-49,Grocery,Kimball Macaroni,400 g,RM 3.58,RM 3.99,https://myaeon2go.com/product/2439/macaroni
https://myaeon2go.com/products/category/6528959/grocery/pages/1-49,Grocery,Ayam Brand Baked Beans,230 g,RM 3.29,,https://myaeon2go.com/product/2278/baked-beans
https://myaeon2go.com/products/category/6528959/grocery/pages/1-49,Grocery,Kimball Dry Pasta,,RM 3.58,RM 3.99,https://myaeon2go.com/product/2438/spaghetti
https://myaeon2go.com/products/category/6528959/grocery/pages/1-49,Grocery,"Prego Tomato,Basil & Garlic Sauce",300 g,RM 4.88,RM 5.87,https://myaeon2go.com/product/2854/tomato%2Cbasil-&-garlic-sauce
https://myaeon2go.com/products/category/6528959/grocery/pages/1-49,Grocery,Jasmine Basmathi King,5 kg,RM 35.88,RM 49.99,https://myaeon2go.com/product/2614/basmathi-king
https://myaeon2go.com/products/category/6528959/grocery/pages/1-49,Grocery,Adabi Perencah Sup Bunjut,8 g,RM 1.52,,https://myaeon2go.com/product/8375/perencah-sup-bunjut
https://myaeon2go.com/products/category/6528959/grocery/pages/1-49,Grocery,Campbell's Cream Of Mushroom,290 g,RM 6.25,,https://myaeon2go.com/product/9958/cream-of-mushroom
https://myaeon2go.com/products/category/6528959/grocery/pages/1-49,Grocery,Bird Of Paradise Basmathi Royale,5 kg,RM 46.68,RM 54.56,https://myaeon2go.com/product/2584/basmathi-royale
https://myaeon2go.com/products/category/6528959/grocery/pages/1-49,Grocery,Kewpie Dressing,,RM 7.64 to RM 9.13,,https://myaeon2go.com/product/2733/dressing-caesar
https://myaeon2go.com/products/category/6528959/grocery/pages/1-49,Grocery,Kimball Spaghetti,400 g,RM 3.58,RM 3.99,https://myaeon2go.com/product/2438/spaghetti
https://myaeon2go.com/products/category/6528959/grocery/pages/1-49,Grocery,Jasmine Pusa Cream Basmathi Sella Parboiled,5 kg,RM 35.38,RM 49.90,https://myaeon2go.com/product/2618/pusa-cream-basmathi-sella-parboiled
https://myaeon2go.com/products/category/6528959/grocery/pages/1-49,Grocery,Kewpie Dressing Roasted Sesame,210 ml,RM 8.88,RM 9.13,https://myaeon2go.com/product/5860/dressing-roasted-sesame
https://myaeon2go.com/products/category/6528959/grocery/pages/1-49,Grocery,Saji Cooking Oil,5 kg,RM 30.82,,https://myaeon2go.com/product/6656/cooking-oil
https://myaeon2go.com/products/category/6528959/grocery/pages/1-49,Grocery,Mamee Chef Cup Creamy Tom Yam,70 g,RM 2.98,,https://myaeon2go.com/product/6114/chef-cup-creamy-tom-yam
https://myaeon2go.com/products/category/6528959/grocery/pages/1-49,Grocery,Balducci Dry Pasta,,RM 2.88,RM 3.35,https://myaeon2go.com/product/5251/no.55-spirali
https://myaeon2go.com/products/category/6528959/grocery/pages/1-49,Grocery,Nongshim Ramyun Big Bowl 117 g,,RM 4.98,RM 5.85,https://myaeon2go.com/product/6405/clay-pot-ramyun-big-bowl
https://myaeon2go.com/products/category/6528959/grocery/pages/1-49,Grocery,Mamee Chef Cup Noodle,,RM 2.98,,https://myaeon2go.com/product/6114/chef-cup-creamy-tom-yam
https://myaeon2go.com/products/category/6528959/grocery/pages/1-49,Grocery,Nongshim Kimchi Big Bowl,117 g,RM 4.98,RM 5.85,https://myaeon2go.com/product/6406/kimchi-big-bowl
https://myaeon2go.com/products/category/6528959/grocery/pages/1-49,Grocery,Balducci No.55 Spirali,400 g,RM 2.88,RM 3.35,https://myaeon2go.com/product/5251/no.55-spirali
https://myaeon2go.com/products/category/6528959/grocery/pages/1-49,Grocery,Jasmine Sunwhite Super Import (Wangi Thailand),1 kg,RM 8.40,,https://myaeon2go.com/product/2625/sunwhite-super-import-%28wangi-thailand%29
https://myaeon2go.com/products/category/6528959/grocery/pages/1-49,Grocery,Maggi Big Chicken Instant,5 x 103 g,RM 6.38,RM 7.10,https://myaeon2go.com/product/2455/big-chicken-instant
https://myaeon2go.com/products/category/6528959/grocery/pages/1-49,Grocery,Kara Natural Coconut Extract,5 x 200 ml,RM 20.86,,https://myaeon2go.com/product/5831/natural-coconut-extract
https://myaeon2go.com/products/category/6528959/grocery/pages/1-49,Grocery,Ecobrown's Sella Cream Premium Basmathi,5 kg,RM 30.48,RM 44.79,https://myaeon2go.com/product/9966/sella-cream-premium-basmathi
https://myaeon2go.com/products/category/6528959/grocery/pages/1-49,Grocery,Maggi 2 Minute Assam Laksa Instant Noodle,5 x 78 g,RM 6.20,,https://myaeon2go.com/product/8508/maggi-2-minute-assam-laksa-instant-noodle-5-x-78-g
https://myaeon2go.com/products/category/6528959/grocery/pages/1-49,Grocery,Prego Spiral,500 g,RM 4.58,RM 5.13,https://myaeon2go.com/product/2533/spiral
https://myaeon2go.com/products/category/6528959/grocery/pages/1-49,Grocery,Munchy's Oat Krunch Breakfast Dark Chocolate With Blueberry,384 g,RM 9.98,RM 10.95,https://myaeon2go.com/product/26598/oat-krunch-breakfast-dark-chocolate-with-blueberry
https://myaeon2go.com/products/category/6528959/grocery/pages/1-49,Grocery,Mi Sedaap Instant Cup Mi Goreng Asli Valuepack,6 x 85 g,RM 13.88,RM 14.78,https://myaeon2go.com/product/10011/instant-cup-mi-goreng-asli-valuepack
https://myaeon2go.com/products/category/6528959/grocery/pages/1-49,Grocery,Mamee Cup Noodle-Curry,60 g,RM 2.10,,https://myaeon2go.com/product/15260/cup-noodle-curry
https://myaeon2go.com/products/category/6528959/grocery/pages/1-49,Grocery,Ayam Brand Tuna Light Flakes In Water,150 g,RM 7.59,,https://myaeon2go.com/product/2312/tuna-light-flakes-in-water
https://myaeon2go.com/products/category/6528959/grocery/pages/1-49,Grocery,Barilla Spaghetti 5,500 g,RM 6.38,RM 8.10,https://myaeon2go.com/product/2399/spaghetti-5
https://myaeon2go.com/products/category/6528959/grocery/pages/1-49,Grocery,Barilla Dry Pasta,,RM 6.38 to RM 11.10,,https://myaeon2go.com/product/2398/fusilli
https://myaeon2go.com/products/category/6528959/grocery/pages/1-49,Grocery,Maggi Sambal Tumis,60 g,RM 3.00,,https://myaeon2go.com/product/2802/sambal-tumis
https://myaeon2go.com/products/category/6528959/grocery/pages/1-49,Grocery,Maggi Hot Cup Chicken,57 g,RM 2.50,,https://myaeon2go.com/product/6072/maggi-hot-cup-chicken-57-g
https://myaeon2go.com/products/category/6528959/grocery/pages/1-49,Grocery,Mamee Cup Noodle,,RM 2.10,,https://myaeon2go.com/product/6117/cup-noodle-tom-yam
https://myaeon2go.com/products/category/6528959/grocery/pages/1-49,Grocery,Nestle Nestum All Family Cereal Original Softpack,450 g,RM 6.98,RM 8.73,https://myaeon2go.com/product/2020/nestum-all-family-cereal-original-softpack
https://myaeon2go.com/products/category/6528959/grocery/pages/1-49,Grocery,Mamee Cup Noodle Chicken,64 g,RM 2.10,,https://myaeon2go.com/product/6119/cup-noodle-chicken
https://myaeon2go.com/products/category/6528959/grocery/pages/1-49,Grocery,Adabi Asam Jawa,200 g,RM 4.95,,https://myaeon2go.com/product/57/asam-jawa
https://myaeon2go.com/products/category/6528959/grocery/pages/1-49,Grocery,Maggi Hot Cup Curry,59 g,RM 2.50,,https://myaeon2go.com/product/6075/maggi-hot-cup-curry-59-g
https://myaeon2go.com/products/category/6528959/grocery/pages/1-49,Grocery,Oatside Wholegrain Oat Cereal Bar Chocolate,18 g,RM 2.60,,https://myaeon2go.com/product/56925/oatside-wholegrain-oat-cereal-bar-chocolate-18-g
https://myaeon2go.com/products/category/6528959/grocery/pages/1-49,Grocery,Mamee Chef Lontong,4 x 97 g,RM 5.88,RM 6.79,https://myaeon2go.com/product/2468/chef-lontong
https://myaeon2go.com/products/category/6528959/grocery/pages/1-49,Grocery,Mamee Chef,,RM 5.88,RM 6.79,https://myaeon2go.com/product/2467/chef-spicy-chicken-shiitake
https://myaeon2go.com/products/category/6528959/grocery/pages/1-49,Grocery,Jasmine Super 5 Imported Thailand,5 kg,RM 19.28,RM 20.96,https://myaeon2go.com/product/2629/super-5-imported-thailand
https://myaeon2go.com/products/category/6528959/grocery/pages/1-49,Grocery,Moghul Faiza Basmathi Rice,1 kg,RM 10.90,,https://myaeon2go.com/product/6203/faiza-basmathi-rice
https://myaeon2go.com/products/category/6528959/grocery/pages/1-49,Grocery,Jasmine Calfresh Super Calrose,5 kg,RM 28.88,RM 36.00,https://myaeon2go.com/product/8381/calfresh-super-calrose
https://myaeon2go.com/products/category/6528959/grocery/pages/1-49,Grocery,Maggi Tomato Sauce,475 g,RM 5.38,RM 5.95,https://myaeon2go.com/product/6086/tomato-sauce
https://myaeon2go.com/products/category/6528959/grocery/pages/1-49,Grocery,Nongshim Clay Pot Ramyun Big Bowl,117 g,RM 4.98,RM 5.85,https://myaeon2go.com/product/6405/clay-pot-ramyun-big-bowl
https://myaeon2go.com/products/category/6528959/grocery/pages/1-49,Grocery,Songhe Noble Pine Crane Thai Hom Mali Rice (Beras Wangi),10 kg,RM 45.88,RM 64.00,https://myaeon2go.com/product/10995/noble-pine-crane-thai-hom-mali-rice-%28beras-wangi%29
https://myaeon2go.com/products/category/6528959/grocery/pages/1-49,Grocery,Sumo Calrose Super Imported,1 kg,RM 10.90,,https://myaeon2go.com/product/2656/calrose-super-imported
https://myaeon2go.com/products/category/6528959/grocery/pages/1-49,Grocery,Naturel Canola Oil,3 kg,RM 29.88,RM 36.74,https://myaeon2go.com/product/6252/canola-oil
https://myaeon2go.com/products/category/6528959/grocery/pages/1-49,Grocery,Prego Mushroom Spaghetti Sauce,300 g,RM 4.88,RM 5.87,https://myaeon2go.com/product/2853/mushroom-spaghetti-sauce
https://myaeon2go.com/products/category/6528959/grocery/pages/1-49,Grocery,TOPVALU Best Price Japanese Style Soup Stock,80 g,RM 6.20,,https://myaeon2go.com/product/23010/best-price-japanese-style-soup-stock
https://myaeon2go.com/products/category/6528959/grocery/pages/1-49,Grocery,Kewpie Mayonnaise Japanese Style,310 ml,RM 11.35,,https://myaeon2go.com/product/2741/mayonnaise-japanese-style
https://myaeon2go.com/products/category/6528959/grocery/pages/1-49,Grocery,Quaker Instant Oatmeal Foil,1.35k g,RM 13.88,RM 15.44,https://myaeon2go.com/product/9283/instant-oatmeal-foil
https://myaeon2go.com/products/category/6528959/grocery/pages/1-49,Grocery,M&S Coconut Milk,200 ml,RM 3.74,,https://myaeon2go.com/product/2133/coconut-milk
https://myaeon2go.com/products/category/6528959/grocery/pages/1-49,Grocery,Prego Mac And Cheese Instant Pasta Bowl,70 g,RM 4.48,RM 5.80,https://myaeon2go.com/product/44036/mac-and-cheese-instant-pasta-bowl
https://myaeon2go.com/products/category/6528959/grocery/pages/1-49,Grocery,Naturel Olive Oil 250 ml,,RM 17.88,RM 21.48,https://myaeon2go.com/product/2247/extra-virgin-olive-oil
https://myaeon2go.com/products/category/6528959/grocery/pages/1-49,Grocery,Ayam Brand Sardine Open & Eat Fully Cooked,,RM 6.78,,https://myaeon2go.com/product/2304/sardine-open-&-eat-fully-cooked-in-chili-oil
https://myaeon2go.com/products/category/6528959/grocery/pages/1-49,Grocery,Campbell's Creamy Chicken Mushroom,300 g,RM 5.48,RM 6.25,https://myaeon2go.com/product/9959/creamy-chicken-mushroom
https://myaeon2go.com/products/category/6528959/grocery/pages/1-49,Grocery,Ayam Brand Sardine Open & Eat Fully Cooked Extra Virgin Olive Oil,120 g,RM 6.78,,https://myaeon2go.com/product/2305/sardine-open-&-eat-fully-cooked-extra-virgin-olive-oil
https://myaeon2go.com/products/category/6528959/grocery/pages/1-49,Grocery,Naturel Extra Virgin Olive Oil,250 ml,RM 17.88,RM 21.48,https://myaeon2go.com/product/2247/extra-virgin-olive-oil
https://myaeon2go.com/products/category/6528959/grocery/pages/1-49,Grocery,Life Chili Sauce Jumbo,725 g,RM 7.25,,https://myaeon2go.com/product/2789/chili-sauce-jumbo
https://myaeon2go.com/products/category/6528959/grocery/pages/1-49,Grocery,Nestle Cornflakes Cereal Econopack,500 g,RM 14.77,,https://myaeon2go.com/product/1996/cornflakes-cereal-econopack
https://myaeon2go.com/products/category/6528959/grocery/pages/1-49,Grocery,Cap Kipas Udang Kicap Kacang Soya Manis,345 ml,RM 7.35,,https://myaeon2go.com/product/7760/kicap-kacang-soya-manis
https://myaeon2go.com/products/category/6528959/grocery/pages/1-49,Grocery,Mamee Chef Cup Lontong,84 g,RM 2.98,,https://myaeon2go.com/product/6116/chef-cup-lontong
https://myaeon2go.com/products/category/6528959/grocery/pages/1-49,Grocery,Ayam Brand Chili Tuna Light,160 g,RM 7.68,,https://myaeon2go.com/product/2288/chili-tuna-light
https://myaeon2go.com/products/category/6528959/grocery/pages/1-49,Grocery,Mamee Cup Noodle Tom Yam,60 g,RM 2.10,,https://myaeon2go.com/product/6117/cup-noodle-tom-yam
https://myaeon2go.com/products/category/6528959/grocery/pages/1-49,Grocery,Knife Cooking Oil,2 kg,RM 14.98,RM 15.65,https://myaeon2go.com/product/2229/cooking-oil
https://myaeon2go.com/products/category/6528959/grocery/pages/1-49,Grocery,Ayam Brand Coconut Milk Trim,200 ml,RM 3.84,,https://myaeon2go.com/product/2083/coconut-milk-trim
https://myaeon2go.com/products/category/6528959/grocery/pages/1-49,Grocery,Kewpie Mayo Sauce,50 ml,RM 1.38,,https://myaeon2go.com/product/2740/mayo-sauce
https://myaeon2go.com/products/category/6528959/grocery/pages/1-49,Grocery,CSR Golden Brown Sugar,1 kg,RM 5.88,,https://myaeon2go.com/product/18071/golden-brown-sugar
https://myaeon2go.com/products/category/6528959/grocery/pages/1-49,Grocery,Lee Kum Kee Selected Light Soy Sauce,2 x 500 ml,RM 12.58,RM 13.11,https://myaeon2go.com/product/12001/selected-light-soy-sauce
https://myaeon2go.com/products/category/6528959/grocery/pages/1-49,Grocery,Maggi Cukup Rasa All In One Seasoning,300 g,RM 6.88,RM 7.45,https://myaeon2go.com/product/2940/cukup-rasa-all-in-one-seasoning
https://myaeon2go.com/products/category/6528959/grocery/pages/1-49,Grocery,Mamee Chef Cup Spicy Chicken Shiitake Noodles,62 g,RM 2.98,,https://myaeon2go.com/product/10002/chef-cup-spicy-chicken-shiitake-noodles
https://myaeon2go.com/products/category/6528959/grocery/pages/1-49,Grocery,Nestle Nestum 3 In 1 Oats,14 x 30 g,RM 10.98,RM 12.89,https://myaeon2go.com/product/2018/nestum-3-in-1-oats
https://myaeon2go.com/products/category/6528959/grocery/pages/1-49,Grocery,Cap Rambutan Super Import (TSS) Oren,10 kg,RM 36.68,RM 38.05,https://myaeon2go.com/product/2594/super-import-%28tss%29-oren
https://myaeon2go.com/products/category/6528959/grocery/pages/1-49,Grocery,Hosen Sweet Corn (Whole Kernel Corn),340 g,RM 4.99,,https://myaeon2go.com/product/9979/sweet-corn-%28whole-kernel-corn%29
https://myaeon2go.com/products/category/6528959/grocery/pages/1-49,Grocery,Youmee Plain Ramen,420 g,RM 6.88,RM 7.60,https://myaeon2go.com/product/2582/plain-ramen
https://myaeon2go.com/products/category/6528959/grocery/pages/1-49,Grocery,Lingham's Chili Sauce Regular,340 g,RM 4.88,RM 6.00,https://myaeon2go.com/product/2793/chili-sauce-regular
https://myaeon2go.com/products/category/6528959/grocery/pages/1-49,Grocery,KCL Sohun Vermicelli,100 g,RM 4.44,,https://myaeon2go.com/product/9988/sohun-vermicelli
https://myaeon2go.com/products/category/6528959/grocery/pages/1-49,Grocery,Jati Signature S Siri Thai Import 5%,10 kg,RM 30.98,RM 34.10,https://myaeon2go.com/product/30099/s-siri-thai-import-5%25
https://myaeon2go.com/products/category/6528959/grocery/pages/1-49,Grocery,Knorr Cube Chicken No MSG,6 Cubes,RM 3.95,,https://myaeon2go.com/product/2932/cube-chicken-no-msg
https://myaeon2go.com/products/category/6528959/grocery/pages/1-49,Grocery,Knorr Cube,,RM 2.88 to RM 3.95,,https://myaeon2go.com/product/2932/cube-chicken-no-msg
https://myaeon2go.com/products/category/6528959/grocery/pages/1-49,Grocery,Alishan Straw Mushroom,425 g,RM 3.98,RM 4.74,https://myaeon2go.com/product/2275/straw-mushroom
https://myaeon2go.com/products/category/6528959/grocery/pages/1-49,Grocery,Mamee Express Curry Cup Instant Noodle,6 x 65 g,RM 11.83,,https://myaeon2go.com/product/10007/express-curry-cup-instant-noodle
https://myaeon2go.com/products/category/6528959/grocery/pages/1-49,Grocery,San Remo Bolognese & Mushroom Pasta Sauce,500 g,RM 9.88,RM 12.65,https://myaeon2go.com/product/9898/bolognese-&-mushroom-pasta-sauce
https://myaeon2go.com/products/category/6528959/grocery/pages/1-49,Grocery,Barilla Pesto Alla Genovese,190 g,RM 20.88,RM 25.77,https://myaeon2go.com/product/8382/pesto-alla-genovese
https://myaeon2go.com/products/category/6528959/grocery/pages/1-49,Grocery,Maggi Chicken Cube Econpack,120 g,RM 5.94,,https://myaeon2go.com/product/2938/chicken-cube-econpack
https://myaeon2go.com/products/category/6528959/grocery/pages/1-49,Grocery,Adabi Serbuk 24 - 30 g,,RM 1.40 to RM 1.74,,https://myaeon2go.com/product/89/serbuk-kari-kurma-ayam-&-daging
https://myaeon2go.com/products/category/6528959/grocery/pages/1-49,Grocery,Knorr Chicken Cube,12 cubes,RM 5.76,,https://myaeon2go.com/product/5900/chicken-cube
https://myaeon2go.com/products/category/6528959/grocery/pages/1-49,Grocery,Nongshim Kimchi Ramyun Cup Noodle,70 g,RM 4.38,RM 5.00,https://myaeon2go.com/product/8354/kimchi-ramyun-cup-noodle
https://myaeon2go.com/products/category/6528959/grocery/pages/1-49,Grocery,Prego Buddies Dry Pasta,,RM 3.00,,https://myaeon2go.com/product/2528/buddies-dry-pasta-animals
https://myaeon2go.com/products/category/6528959/grocery/pages/1-49,Grocery,Adabi Serbuk Kari Kurma Ayam & Daging,24 g,RM 1.74,,https://myaeon2go.com/product/89/serbuk-kari-kurma-ayam-&-daging
https://myaeon2go.com/products/category/6528959/grocery/pages/1-49,Grocery,Prego Buddies Dry Pasta Animals,200 g,RM 3.00,,https://myaeon2go.com/product/2528/buddies-dry-pasta-animals
https://myaeon2go.com/products/category/6528959/grocery/pages/1-49,Grocery,Hosen Longan,565 g,RM 9.38,RM 10.50,https://myaeon2go.com/product/2343/longan
https://myaeon2go.com/products/category/6528959/grocery/pages/1-49,Grocery,Maggi Chili Sauce,500 g,RM 5.99,,https://myaeon2go.com/product/6068/chili-sauce
https://myaeon2go.com/products/category/6528959/grocery/pages/1-49,Grocery,Alishan Braised Peanut,170 g,RM 2.30,,https://myaeon2go.com/product/2273/braised-peanut
https://myaeon2go.com/products/category/6528959/grocery/pages/1-49,Grocery,Mi Sedaap Cup Noodle Soto,77 g,RM 2.67,,https://myaeon2go.com/product/6181/cup-noodle-soto
https://myaeon2go.com/products/category/6528959/grocery/pages/1-49,Grocery,Balducci No.4 Spaghetti,400 g,RM 2.88,RM 3.35,https://myaeon2go.com/product/5252/no.4-spaghetti
https://myaeon2go.com/products/category/6528959/grocery/pages/1-49,Grocery,Ibumie Mi Goreng Asli,5 x 80 g,RM 5.75,,https://myaeon2go.com/product/2416/mi-goreng-asli
https://myaeon2go.com/products/category/6528959/grocery/pages/1-49,Grocery,Star Brand Food Colour,,RM 2.48,RM 2.87,https://myaeon2go.com/product/2191/true-blue-colour
https://myaeon2go.com/products/category/6528959/grocery/pages/1-49,Grocery,Indomie Instant Soto,5 x 78 g,RM 5.29,,https://myaeon2go.com/product/7295/instant-soto
https://myaeon2go.com/products/category/6528959/grocery/pages/1-49,Grocery,Star Brand Vanilla Colour,25 ml,RM 2.48,RM 2.87,https://myaeon2go.com/product/2193/vanilla-colour
https://myaeon2go.com/products/category/6528959/grocery/pages/1-49,Grocery,TOPVALU Refined Palm Olein Cooking Oil,2 kg,RM 12.60,,https://myaeon2go.com/product/39587/refined-palm-olein-cooking-oil
https://myaeon2go.com/products/category/6528959/grocery/pages/1-49,Grocery,Prego Chicken Mushroom,290 g,RM 4.88,RM 5.87,https://myaeon2go.com/product/2849/chicken-mushroom
https://myaeon2go.com/products/category/6528959/grocery/pages/1-49,Grocery,Maggi Oyster Sauce,500 g,RM 7.38,RM 7.85,https://myaeon2go.com/product/6083/oyster-sauce
https://myaeon2go.com/products/category/6528959/grocery/pages/1-49,Grocery,Buruh Cooking Oil,1 kg,RM 6.76,,https://myaeon2go.com/product/2234/cooking-oil
https://myaeon2go.com/products/category/6528959/grocery/pages/1-49,Grocery,TOPVALU Spiral Fusilli Pasta,400 g,RM 2.90,,https://myaeon2go.com/product/58282/topvalu-spiral-fusilli-pasta-400-g
https://myaeon2go.com/products/category/6528959/grocery/pages/1-49,Grocery,Mamee Chef Cup Curry Laksa,72 g,RM 2.98,,https://myaeon2go.com/product/6115/chef-cup-curry-laksa
https://myaeon2go.com/products/category/6528959/grocery/pages/1-49,Grocery,Nongshim Shin Ramyun Cup,75 g,RM 4.58,RM 5.50,https://myaeon2go.com/product/6409/shin-ramyun-cup
https://myaeon2go.com/products/category/6528959/grocery/pages/1-49,Grocery,Kewpie Mayo Sauce,1 liter,RM 12.96,,https://myaeon2go.com/product/2739/mayo-sauce
https://myaeon2go.com/products/category/6528959/grocery/pages/1-49,Grocery,Knorr Cup Jok Chicken & Mushroom,32 g,RM 2.89,,https://myaeon2go.com/product/5908/cup-jok-chicken-&-mushroom
https://myaeon2go.com/products/category/6528959/grocery/pages/1-49,Grocery,Marina Tuna,,RM 6.14,,https://myaeon2go.com/product/2365/marina-tuna-chunks-in-vegetable-oil-185-g
https://myaeon2go.com/products/category/6528959/grocery/pages/1-49,Grocery,Marina Tuna Chunks In Brine,185 g,RM 6.14,,https://myaeon2go.com/product/2366/tuna-chunks-in-brine
https://myaeon2go.com/products/category/6528959/grocery/pages/1-49,Grocery,Mamee Cup Noodle Vegetarian,60 g,RM 2.10,,https://myaeon2go.com/product/6118/cup-noodle-vegetarian
https://myaeon2go.com/products/category/6528959/grocery/pages/1-49,Grocery,Erawan Erawan Tepung Beras,500 g,RM 2.75,,https://myaeon2go.com/product/5553/erawan-tepung-beras
https://myaeon2go.com/products/category/6528959/grocery/pages/1-49,Grocery,Ayam Brand Tuna Natural Deli Salad In Mayonnaise,160 g,RM 7.68,,https://myaeon2go.com/product/2322/tuna-natural-deli-salad-in-mayonnaise
https://myaeon2go.com/products/category/6528959/grocery/pages/1-49,Grocery,Love Earth Mushroom Seasoning Powder,150 g,RM 17.48,RM 19.95,https://myaeon2go.com/product/24990/mushroom-seasoning-powder
https://myaeon2go.com/products/category/6528959/grocery/pages/1-49,Grocery,Knorr Cube Ikan Bilis,6 Cubes,RM 2.88,RM 3.40,https://myaeon2go.com/product/2934/cube-ikan-bilis
https://myaeon2go.com/products/category/6528959/grocery/pages/1-49,Grocery,Indomie Mi Goreng Spesial,5 x 85 g,RM 5.81,,https://myaeon2go.com/product/7297/mi-goreng-spesial
https://myaeon2go.com/products/category/6528959/grocery/pages/1-49,Grocery,Kimono Premium Calrose Rice,5 kg,RM 26.88,RM 39.00,https://myaeon2go.com/product/9989/premium-calrose-rice
https://myaeon2go.com/products/category/6528959/grocery/pages/1-49,Grocery,TOPVALU Linguine Pasta,400 g,RM 2.90,,https://myaeon2go.com/product/58281/topvalu-linguine-pasta-400-g
https://myaeon2go.com/products/category/6528959/grocery/pages/1-49,Grocery,Lee Kum Kee Sesame Oil (Pure),410 ml,RM 14.88,RM 18.28,https://myaeon2go.com/product/11824/sesame-oil-%28pure%29
https://myaeon2go.com/products/category/6528959/grocery/pages/1-49,Grocery,Mamee Basic Vegetarian Noodle,5 x 78 g,RM 4.88,RM 5.29,https://myaeon2go.com/product/10000/mamee-basic-vegetarian-noodle-5-x-80-g
https://myaeon2go.com/products/category/6528959/grocery/pages/1-49,Grocery,Baba's Serbuk Kunyit,125 g,RM 3.87,,https://myaeon2go.com/product/5245/serbuk-kunyit
https://myaeon2go.com/products/category/6528959/grocery/pages/1-49,Grocery,Adabi Serbuk Nasi Goreng,,RM 1.24 to RM 1.62,,https://myaeon2go.com/product/95/serbuk-nasi-goreng-ayam
https://myaeon2go.com/products/category/6528959/grocery/pages/1-49,Grocery,CIRIO Chick Peas,380 g,RM 5.88,RM 6.25,https://myaeon2go.com/product/17256/chick-peas
https://myaeon2go.com/products/category/6528959/grocery/pages/1-49,Grocery,Maggi Big Tom Yam Instant,5 x 107 g,RM 6.68,RM 7.50,https://myaeon2go.com/product/2457/big-tom-yam-instant
https://myaeon2go.com/products/category/6528959/grocery/pages/1-49,Grocery,Hosen Lychee,565 g,RM 7.28,RM 8.10,https://myaeon2go.com/product/2344/lychee
https://myaeon2go.com/products/category/6528959/grocery/pages/1-49,Grocery,Oatside Wholegrain Oat Cereal Bar Peanut Butter,18 g,RM 2.60,,https://myaeon2go.com/product/56926/oatside-wholegrain-oat-cereal-bar-peanut-butter-18-g
https://myaeon2go.com/products/category/6528959/grocery/pages/1-49,Grocery,Baba's Serbuk Perencah,,RM 2.95 to RM 3.93,,https://myaeon2go.com/product/2913/serbuk-ketumbar
https://myaeon2go.com/products/category/6528959/grocery/pages/1-49,Grocery,Adabi Serbuk Nasi Goreng Cina,17 g,RM 1.24,,https://myaeon2go.com/product/5155/serbuk-nasi-goreng-cina
https://myaeon2go.com/products/category/6528959/grocery/pages/1-49,Grocery,TOPVALU Corn Starch,400 g,RM 2.00,,https://myaeon2go.com/product/59389/topvalu-corn-starch-400-g
https://myaeon2go.com/products/category/6528959/grocery/pages/1-49,Grocery,Mamee Express Tom Yam Cup Instant Noodle,6 x 68 g,RM 11.83,,https://myaeon2go.com/product/10008/express-tom-yam-cup-instant-noodle
https://myaeon2go.com/products/category/6528959/grocery/pages/1-49,Grocery,Naturel Pure Olive Oil,750 ml,RM 40.88,RM 53.48,https://myaeon2go.com/product/2251/pure-olive-oil
https://myaeon2go.com/products/category/6528959/grocery/pages/1-49,Grocery,Lady's Choice Peanut Butter Creamy,500 g,RM 14.98,RM 18.96,https://myaeon2go.com/product/1986/ladys-choice-creamy-peanut-butter-500-g
https://myaeon2go.com/products/category/6528959/grocery/pages/1-49,Grocery,Lady's Choice Peanut Butter 500 g,,RM 14.98,RM 19.03,https://myaeon2go.com/product/1983/ladys-choice-grape-peanut-butter-500-g
https://myaeon2go.com/products/category/6528959/grocery/pages/1-49,Grocery,Prego Traditional Pasta Sauce,680 g,RM 12.88,RM 15.00,https://myaeon2go.com/product/9896/traditional-pasta-sauce
https://myaeon2go.com/products/category/6528959/grocery/pages/1-49,Grocery,Knife Cooking Oil,1 kg,RM 8.30,,https://myaeon2go.com/product/2228/cooking-oil
https://myaeon2go.com/products/category/6528959/grocery/pages/1-49,Grocery,TC Boy Tuna In Extra Virgin Olive Oil,150 g,RM 6.60,,https://myaeon2go.com/product/6844/tuna-in-extra-virgin-olive-oil
https://myaeon2go.com/products/category/6528959/grocery/pages/1-49,Grocery,Kellogg's Cornflakes,275 g,RM 7.98,RM 8.89,https://myaeon2go.com/product/5847/cornflakes
https://myaeon2go.com/products/category/6528959/grocery/pages/1-49,Grocery,Seri Murni Cooking Oil,5 kg,RM 30.87,,https://myaeon2go.com/product/2265/cooking-oil
https://myaeon2go.com/products/category/6528959/grocery/pages/1-49,Grocery,Baba's Serbuk Kari 250 g,,RM 6.16 to RM 7.62,,https://myaeon2go.com/product/2919/serbuk-kari-ikan
https://myaeon2go.com/products/category/6528959/grocery/pages/1-49,Grocery,Knorr Cube Beef,6 Cubes,RM 2.88,RM 3.40,https://myaeon2go.com/product/2935/cube-beef
https://myaeon2go.com/products/category/6528959/grocery/pages/1-49,Grocery,Baba's Serbuk Kari Daging,250 g,RM 6.16,,https://myaeon2go.com/product/2920/serbuk-kari-daging
https://myaeon2go.com/products/category/6528959/grocery/pages/1-49,Grocery,Indomie Mi Goreng Spesial Value Pack,10 x 85 g,RM 9.58,RM 10.90,https://myaeon2go.com/product/2432/mi-goreng-spesial-value-pack
https://myaeon2go.com/products/category/6528959/grocery/pages/1-49,Grocery,TC Boy Tuna,,RM 6.48 to RM 6.60,,https://myaeon2go.com/product/2384/chili-tuna
https://myaeon2go.com/products/category/6528959/grocery/pages/1-49,Grocery,Indomie Mi Goreng Value Pack,,RM 9.58,RM 10.90,https://myaeon2go.com/product/2432/mi-goreng-spesial-value-pack
https://myaeon2go.com/products/category/6528959/grocery/pages/1-49,Grocery,Mamee Basic Curry Noodle,5 x 77 g,RM 4.88,RM 5.29,https://myaeon2go.com/product/9997/mamee-basic-curry-noodle-5-x-77-g
https://myaeon2go.com/products/category/6528959/grocery/pages/1-49,Grocery,Lee Kum Kee Panda Brand Oyster Sauce,770 g,RM 10.83,,https://myaeon2go.com/product/9881/panda-brand-oyster-sauce
https://myaeon2go.com/products/category/6528959/grocery/pages/1-49,Grocery,Life Tomato Sauce Jumbo,685 g,RM 6.24,,https://myaeon2go.com/product/9884/tomato-sauce-jumbo
https://myaeon2go.com/products/category/6528959/grocery/pages/1-49,Grocery,Pama Meehoon Soup,5 x 55 g,RM 7.88,,https://myaeon2go.com/product/2523/meehoon-soup
https://myaeon2go.com/products/category/6528959/grocery/pages/1-49,Grocery,Samyang Hot Chicken Ramen Carbonara Flavour,5 x 130 g,RM 23.88,RM 28.20,https://myaeon2go.com/product/2542/hot-chicken-ramen-carbonara-flavour
https://myaeon2go.com/products/category/6528959/grocery/pages/1-49,Grocery,Samyang Hot Chicken Ramen Stir Fried Noodle 5 x 140 g,,RM 23.88 to RM 27.88,RM 28.20,https://myaeon2go.com/product/2542/hot-chicken-ramen-carbonara-flavour
https://myaeon2go.com/products/category/6528959/grocery/pages/1-49,Grocery,Mauri Pan Yeast,11 g,RM 0.83,,https://myaeon2go.com/product/15011/yeast
https://myaeon2go.com/products/category/6528959/grocery/pages/1-49,Grocery,Maggi Pes Sambal Tumis,30 g,RM 1.60,,https://myaeon2go.com/product/9888/pes-sambal-tumis
https://myaeon2go.com/products/category/6528959/grocery/pages/1-49,Grocery,Ayam Brand Chili Tuna Fire Hot,150 g,RM 7.68,,https://myaeon2go.com/product/2287/chili-tuna-fire-hot
https://myaeon2go.com/products/category/6528959/grocery/pages/1-49,Grocery,Nongshim Shin Ramyun Tom Yum (Bowl),103 g,RM 4.98,RM 5.99,https://myaeon2go.com/product/57393/nongshim-shin-ramyun-tom-yum-%28bowl%29-103-g
https://myaeon2go.com/products/category/6528959/grocery/pages/1-49,Grocery,Royal Umbrella Thai Premium Fragrant Rice,5 kg,RM 38.88,RM 47.52,https://myaeon2go.com/product/10019/thai-premium-fragrant-rice
https://myaeon2go.com/products/category/6528959/grocery/pages/1-49,Grocery,McCormick Garlic Powder,55 g,RM 11.38,RM 13.90,https://myaeon2go.com/product/44777/mccormick-garlic-powder-55-g
https://myaeon2go.com/products/category/6528959/grocery/pages/1-49,Grocery,Mi Sedaap Cup Noodle Baso Special,72 g,RM 2.67,,https://myaeon2go.com/product/6180/cup-noodle-baso-special
https://myaeon2go.com/products/category/6528959/grocery/pages/1-49,Grocery,Salt Sense Natural Himalayan Pink Rock Salt,500 g,RM 2.90,,https://myaeon2go.com/product/10777/natural-himalayan-pink-rock-salt
https://myaeon2go.com/products/category/6528959/grocery/pages/1-49,Grocery,Mi Sedaap Cup Noodle Korean Spicy Chicken,81 g,RM 3.15,,https://myaeon2go.com/product/6182/cup-noodle-korean-spicy-chicken
https://myaeon2go.com/products/category/6528959/grocery/pages/1-49,Grocery,Prego Big Jar Pasta Sauce,,RM 12.88 to RM 13.88,RM 15.00,https://myaeon2go.com/product/2855/mushroom-spaghetti-sauce
https://myaeon2go.com/products/category/6528959/grocery/pages/1-49,Grocery,Nestle Koko Krunch,300 g,RM 12.85,,https://myaeon2go.com/product/2009/koko-krunch
https://myaeon2go.com/products/category/6528959/grocery/pages/1-49,Grocery,Lee Kum Kee Selected Light Soy Sauce,500 ml,RM 7.80,,https://myaeon2go.com/product/5979/selected-light-soy-sauce
https://myaeon2go.com/products/category/6528959/grocery/pages/1-49,Grocery,Prego Mushroom Spaghetti Sauce,680 g,RM 12.88,RM 15.00,https://myaeon2go.com/product/2855/mushroom-spaghetti-sauce
https://myaeon2go.com/products/category/6528959/grocery/pages/1-49,Grocery,Jasmine Moly Thai Fragrant AA Rice,10 kg,RM 47.28,RM 63.85,https://myaeon2go.com/product/2616/moly-thai-fragrant-aa-rice
https://myaeon2go.com/products/category/6528959/grocery/pages/1-49,Grocery,Ayam Brand Pineapple Chunks In Syrup,425 g,RM 5.58,RM 6.06,https://myaeon2go.com/product/2296/pineapple-chunks-in-syrup
https://myaeon2go.com/products/category/6528959/grocery/pages/1-49,Grocery,Ayam Brand Tuna Chunk In Vegetable Oil,150 g,RM 7.59,,https://myaeon2go.com/product/2309/tuna-chunk-in-vegetable-oil
https://myaeon2go.com/products/category/6528959/grocery/pages/1-49,Grocery,Chek Hup Rock Sugar,,RM 2.50 to RM 2.95,,https://myaeon2go.com/product/3024/honey-rock-sugar
https://myaeon2go.com/products/category/6528959/grocery/pages/1-49,Grocery,Chek Hup Rock Sugar,250 g,RM 2.50,,https://myaeon2go.com/product/3025/rock-sugar
https://myaeon2go.com/products/category/6528959/grocery/pages/1-49,Grocery,Barilla Spaghettini,500 g,RM 6.38,RM 8.10,https://myaeon2go.com/product/2400/barilla-spaghettini-3500-g
https://myaeon2go.com/products/category/6528959/grocery/pages/1-49,Grocery,Nutella Chocolate Spread,680 g,RM 41.30,,https://myaeon2go.com/product/6416/chocolate-spread
https://myaeon2go.com/products/category/6528959/grocery/pages/1-49,Grocery,Adabi Serbuk Kari Ayam dan Daging,24 g,RM 1.40,,https://myaeon2go.com/product/93/serbuk-kari-ayam-dan-daging
https://myaeon2go.com/products/category/6528959/grocery/pages/1-49,Grocery,Adabi Santan,200 g,RM 4.90,,https://myaeon2go.com/product/85/santan
https://myaeon2go.com/products/category/6528959/grocery/pages/1-49,Grocery,TOPVALU Best Price Sanuki Udon Thick Noodle,500 g,RM 9.90,,https://myaeon2go.com/product/23796/best-price-sanuki-udon-thick-noodle
https://myaeon2go.com/products/category/6528959/grocery/pages/1-49,Grocery,TOPVALU Elbow Pasta Macaroni,400 g,RM 2.90,,https://myaeon2go.com/product/31106/elbow-pasta-macaroni
https://myaeon2go.com/products/category/6528959/grocery/pages/1-49,Grocery,Nestle Honey Stars Economy Pack,450 g,RM 17.50,,https://myaeon2go.com/product/2007/honey-stars-economy-pack
https://myaeon2go.com/products/category/6528959/grocery/pages/1-49,Grocery,TOPVALU Best Price Soba Noodle,4 x 100 g,RM 10.20,,https://myaeon2go.com/product/9606/best-price-soba-noodle
https://myaeon2go.com/products/category/6528959/grocery/pages/1-49,Grocery,Gulong Braised Peanuts,170 g,RM 2.90,,https://myaeon2go.com/product/2336/braised-peanuts
https://myaeon2go.com/products/category/6528959/grocery/pages/1-49,Grocery,Ayam Brand Tuna Hot & Spicy Deli In Mayonnaise,160 g,RM 7.68,,https://myaeon2go.com/product/2323/tuna-hot-&-spicy-deli-in-mayonnaise
https://myaeon2go.com/products/category/6528959/grocery/pages/1-49,Grocery,Lady's Choice Peanut Butter Chunky,500 g,RM 14.98,RM 18.96,https://myaeon2go.com/product/1984/ladys-choice-chunky-peanut-butter-500-g
https://myaeon2go.com/products/category/6528959/grocery/pages/1-49,Grocery,Nissin Cup Mala,71 g,RM 4.50,,https://myaeon2go.com/product/6348/cup-mala
https://myaeon2go.com/products/category/6528959/grocery/pages/1-49,Grocery,Prego Angel Hair,500 g,RM 4.58,RM 5.13,https://myaeon2go.com/product/2534/angel-hair
https://myaeon2go.com/products/category/6528959/grocery/pages/1-49,Grocery,Youmee Plain Pan Mee,420 g,RM 6.88,RM 7.60,https://myaeon2go.com/product/2581/plain-pan-mee
https://myaeon2go.com/products/category/6528959/grocery/pages/1-49,Grocery,Bestari Fried Chicken Coating 1 kg,,RM 9.28 to RM 10.18,RM 11.24,https://myaeon2go.com/product/2085/fried-chicken-coating-garlic
https://myaeon2go.com/products/category/6528959/grocery/pages/1-49,Grocery,Bestari Fried Chicken Coating Original,1 kg,RM 9.28,RM 10.11,https://myaeon2go.com/product/2087/fried-chicken-coating-original
https://myaeon2go.com/products/category/6528959/grocery/pages/1-49,Grocery,Taj Mahal Herbal Ponni Rice 5%,1 kg,RM 7.80,,https://myaeon2go.com/product/2661/herbal-ponni-rice-5%25
https://myaeon2go.com/products/category/6528959/grocery/pages/1-49,Grocery,Harmoni Bihun Siam,400 g,RM 4.28,RM 4.80,https://myaeon2go.com/product/2415/bihun-siam
https://myaeon2go.com/products/category/6528959/grocery/pages/1-49,Grocery,Lee Kum Kee Selected Dark Soy Sauce,500 ml,RM 6.88,RM 7.80,https://myaeon2go.com/product/5061/selected-dark-soy-sauce
https://myaeon2go.com/products/category/6528959/grocery/pages/1-49,Grocery,Chek Hup Sugar Cane Rock Sugar,250 g,RM 2.95,,https://myaeon2go.com/product/3026/sugar-cane-rock-sugar
https://myaeon2go.com/products/category/6528959/grocery/pages/1-49,Grocery,Ayam Brand Sardine In Tomato Sauce,230 g,RM 7.10,,https://myaeon2go.com/product/2301/sardine-in-tomato-sauce
https://myaeon2go.com/products/category/6528959/grocery/pages/1-49,Grocery,TOPVALU Himalaya Rock Salt (Pouch),500 g,RM 2.90,,https://myaeon2go.com/product/27912/himalaya-rock-salt-pouch
https://myaeon2go.com/products/category/6528959/grocery/pages/1-49,Grocery,Kellogg's Froot Loops,285 g,RM 12.98,RM 14.86,https://myaeon2go.com/product/5849/froot-loops
https://myaeon2go.com/products/category/6528959/grocery/pages/1-49,Grocery,Maggi Ikan Bilis Stock Cube,60 g,RM 3.35,,https://myaeon2go.com/product/8376/ikan-bilis-stock-cube
https://myaeon2go.com/products/category/6528959/grocery/pages/1-49,Grocery,Campbell's Wild Mushroom Soup,295 g,RM 6.88,,https://myaeon2go.com/product/5332/wild-mushroom-soup
https://myaeon2go.com/products/category/6528959/grocery/pages/1-49,Grocery,Nissin Japanese Ramen Bowl,,RM 5.60,,https://myaeon2go.com/product/6351/japanese-ramen-bowl-tokyo-shoyu
https://myaeon2go.com/products/category/6528959/grocery/pages/1-49,Grocery,Knife Light Soy Sauce,750 ml,RM 8.88,RM 9.72,https://myaeon2go.com/product/2761/light-soy-sauce
https://myaeon2go.com/products/category/6528959/grocery/pages/1-49,Grocery,Campbell's Mushroom Potage,300 g,RM 5.48,RM 6.25,https://myaeon2go.com/product/2332/mushroom-potage
https://myaeon2go.com/products/category/6528959/grocery/pages/1-49,Grocery,Samyang Hot Chicken Ramen,5 x 140 g,RM 23.88,RM 26.70,https://myaeon2go.com/product/2543/hot-chicken-ramen
https://myaeon2go.com/products/category/6528959/grocery/pages/1-49,Grocery,Nissin Japanese Ramen Bowl Tokyo Shoyu,110 g,RM 5.60,,https://myaeon2go.com/product/6351/japanese-ramen-bowl-tokyo-shoyu
https://myaeon2go.com/products/category/6528959/grocery/pages/1-49,Grocery,Jalen Sos Perasa Tiram,340 g,RM 3.71,,https://myaeon2go.com/product/2732/sos-perasa-tiram
https://myaeon2go.com/products/category/6528959/grocery/pages/1-49,Grocery,Maggi Fried Pedas Giler Ayam Bakar Bowl,93 g,RM 4.60,,https://myaeon2go.com/product/6070/fried-pedas-giler-ayam-bakar-bowl
https://myaeon2go.com/products/category/6528959/grocery/pages/1-49,Grocery,Lady's Choice Peanut Butter Grape Stripe,500 g,RM 14.98,RM 19.03,https://myaeon2go.com/product/1983/ladys-choice-grape-peanut-butter-500-g
https://myaeon2go.com/products/category/6528959/grocery/pages/1-49,Grocery,Samyang Buldak  Cream Carbonara Hot Chicken Ramen Cup,70 g,RM 5.90,,https://myaeon2go.com/product/10021/buldak-cream-carbonara-hot-chicken-ramen-cup
https://myaeon2go.com/products/category/6528959/grocery/pages/1-49,Grocery,Adabi Serbuk Kunyit,100 g,RM 3.65,,https://myaeon2go.com/product/5154/serbuk-kunyit
https://myaeon2go.com/products/category/6528959/grocery/pages/1-49,Grocery,Yogood Muesli Bar Chocolate & Nut,138 g,RM 14.93,,https://myaeon2go.com/product/2073/muesli-bar-chocolate-&-nut
https://myaeon2go.com/products/category/6528959/grocery/pages/1-49,Grocery,Yogood Muesli Bar 138 g,,RM 14.93,,https://myaeon2go.com/product/2070/muesli-bar-strawberry
https://myaeon2go.com/products/category/6528959/grocery/pages/1-49,Grocery,TOPVALU Mayonnaise Mild,310 ml,RM 7.30,,https://myaeon2go.com/product/8745/mayonnaise-mild
https://myaeon2go.com/products/category/6528959/grocery/pages/1-49,Grocery,Milo Cereal Economy Pack,450 g,RM 17.50,,https://myaeon2go.com/product/2014/nestle-milo-cereal-economy-pack-450-g
https://myaeon2go.com/products/category/6528959/grocery/pages/1-49,Grocery,Maggi Fried Pedas Giler Bowl,,RM 4.60,,https://myaeon2go.com/product/6069/fried-pedas-giler-tom-yum-bowl
https://myaeon2go.com/products/category/6528959/grocery/pages/1-49,Grocery,Mak Nyonya Vegetarian Curry,200 g,RM 5.78,RM 6.62,https://myaeon2go.com/product/6099/vegetarian-curry
https://myaeon2go.com/products/category/6528959/grocery/pages/1-49,Grocery,Mi Juara Kuetiau,400 g,RM 2.35,,https://myaeon2go.com/product/10607/mi-juara-kuetiau-400-g
https://myaeon2go.com/products/category/6528959/grocery/pages/1-49,Grocery,Mak Nyonya Paste,,RM 5.78 to RM 8.88,RM 6.62,https://myaeon2go.com/product/2812/asam-pedas
https://myaeon2go.com/products/category/6528959/grocery/pages/1-49,Grocery,McCormick Paprika Ground,40 g,RM 8.98,RM 10.90,https://myaeon2go.com/product/41792/paprika-ground
https://myaeon2go.com/products/category/6528959/grocery/pages/1-49,Grocery,Moghul Faiza Basmathi Rice,5 kg,RM 50.88,RM 51.90,https://myaeon2go.com/product/2636/faiza-basmathi-rice
https://myaeon2go.com/products/category/6528959/grocery/pages/1-49,Grocery,Mi Juara Mi Kuning,450 g,RM 2.49,,https://myaeon2go.com/product/10610/mi-juara-mi-kuning-450-g
https://myaeon2go.com/products/category/6528959/grocery/pages/1-49,Grocery,Duchef Tomato Puree,100 g,RM 2.79,,https://myaeon2go.com/product/8373/tomato-puree
https://myaeon2go.com/products/category/6528959/grocery/pages/1-49,Grocery,Bird's Custard Powder Foil Pack,300 g,RM 6.48,RM 6.85,https://myaeon2go.com/product/5296/custard-powder-foil-pack
https://myaeon2go.com/products/category/6528959/grocery/pages/1-49,Grocery,Sumo Calrose Rice,2 kg,RM 19.88,RM 21.90,https://myaeon2go.com/product/17145/calrose-rice
https://myaeon2go.com/products/category/6528959/grocery/pages/1-49,Grocery,Ayam Brand Baked Beans In Light Tomato Sauce,425 g,RM 4.60,,https://myaeon2go.com/product/2281/baked-beans-in-light-tomato-sauce
https://myaeon2go.com/products/category/6528959/grocery/pages/1-49,Grocery,Star Brand Beehoon,400 g,RM 3.61,,https://myaeon2go.com/product/2569/beehoon
https://myaeon2go.com/products/category/6528959/grocery/pages/1-49,Grocery,S&W Tomato Paste,170 g,RM 5.93,,https://myaeon2go.com/product/18085/tomato-paste
https://myaeon2go.com/products/category/6528959/grocery/pages/1-49,Grocery,Songhe AAA Thai Fragrant Rice,5 kg,RM 24.78,RM 33.95,https://myaeon2go.com/product/17084/aaa-thai-fragrant-rice
https://myaeon2go.com/products/category/6528959/grocery/pages/1-49,Grocery,CED Honey,500 g,RM 13.99,,https://myaeon2go.com/product/1961/honey
https://myaeon2go.com/products/category/6528959/grocery/pages/1-49,Grocery,Prego Carbonara Mushroom,665 g,RM 13.88,RM 16.75,https://myaeon2go.com/product/6513/carbonara-mushroom
https://myaeon2go.com/products/category/6528959/grocery/pages/1-49,Grocery,Salt Sense Natural French Sea Salt,500 g,RM 5.88,RM 6.50,https://myaeon2go.com/product/41494/natural-french-sea-salt
https://myaeon2go.com/products/category/6528959/grocery/pages/1-49,Grocery,Nissin Bowl Sesame,110 g,RM 5.80,,https://myaeon2go.com/product/6344/bowl-sesame
https://myaeon2go.com/products/category/6528959/grocery/pages/1-49,Grocery,Seng Hin Garam Kasar Beriodin,350 g,RM 0.69,,https://myaeon2go.com/product/2980/garam-kasar-beriodin
https://myaeon2go.com/products/category/6528959/grocery/pages/1-49,Grocery,Mamee Chef Creamy Tom Yam Instant Noodle,4 x 82 g,RM 5.88,RM 6.79,https://myaeon2go.com/product/10001/chef-creamy-tom-yam-instant-noodle
https://myaeon2go.com/products/category/6528959/grocery/pages/1-49,Grocery,TOPVALU Coarse Black Pepper,25 g,RM 3.00,,https://myaeon2go.com/product/41837/coarse-black-pepper
https://myaeon2go.com/products/category/6528959/grocery/pages/1-49,Grocery,Kellogg's Coco Pops,350 g,RM 12.98,RM 14.86,https://myaeon2go.com/product/5845/coco-pops
https://myaeon2go.com/products/category/6528959/grocery/pages/1-49,Grocery,Cirio Polpa Fine (Chopped Tomatoes) Basil,390 g,RM 4.48,RM 6.01,https://myaeon2go.com/product/14629/polpa-fine-%28chopped-tomatoes%29-basil
https://myaeon2go.com/products/category/6528959/grocery/pages/1-49,Grocery,Nissin Bowl,,RM 5.80,,https://myaeon2go.com/product/6344/bowl-sesame
https://myaeon2go.com/products/category/6528959/grocery/pages/1-49,Grocery,Asam Jawa,200 g,RM 1.20,,https://myaeon2go.com/product/2978/asam-jawa-200-g
https://myaeon2go.com/products/category/6528959/grocery/pages/1-49,Grocery,Prai Cube Sugar,500 g,RM 3.52,,https://myaeon2go.com/product/58271/prai-cube-sugar-500-g
https://myaeon2go.com/products/category/6528959/grocery/pages/1-49,Grocery,Edsam Red Dates (1 Pack),200 g,RM 4.05,,https://myaeon2go.com/product/27917/red-dates-%281-pack%29
https://myaeon2go.com/products/category/6528959/grocery/pages/1-49,Grocery,Quaker Whole Rolled Oats,800 g,RM 9.98,RM 10.68,https://myaeon2go.com/product/6560/whole-rolled-oats
https://myaeon2go.com/products/category/6528959/grocery/pages/1-49,Grocery,Campbell's Cream Of Chicken,300 g,RM 5.48,RM 6.25,https://myaeon2go.com/product/9957/cream-of-chicken
https://myaeon2go.com/products/category/6528959/grocery/pages/1-49,Grocery,Kellogg's Corn Flakes Jumbo Pack,500 g,RM 16.05,,https://myaeon2go.com/product/1980/corn-flakes-jumbo-pack
https://myaeon2go.com/products/category/6528959/grocery/pages/1-49,Grocery,Naturel Extra Virgin Olive Oil,500 ml,RM 30.88,RM 37.50,https://myaeon2go.com/product/11962/extra-virgin-olive-oil
https://myaeon2go.com/products/category/6528959/grocery/pages/1-49,Grocery,TOPVALU Frozen Udon Noodles,6 x 110 g,RM 13.50,,https://myaeon2go.com/product/26332/frozen-udon-noodles
https://myaeon2go.com/products/category/6528959/grocery/pages/1-49,Grocery,Yeo's Baked Beans,425 g,RM 5.08,,https://myaeon2go.com/product/7032/baked-beans
https://myaeon2go.com/products/category/6528959/grocery/pages/1-49,Grocery,TOPVALU Best Price Frozen Udon Noodles,5 x 200 g,RM 13.90,,https://myaeon2go.com/product/26375/best-price-frozen-udon-noodles
https://myaeon2go.com/products/category/6528959/grocery/pages/1-49,Grocery,Yeo's Sardine In Tomato Sauce,425 g,RM 8.36,,https://myaeon2go.com/product/10042/sardine-in-tomato-sauce
https://myaeon2go.com/products/category/6528959/grocery/pages/1-49,Grocery,TOPVALU Best Price Curry Mild,150 g,RM 5.90,,https://myaeon2go.com/product/9608/best-price-curry-mild
https://myaeon2go.com/products/category/6528959/grocery/pages/1-49,Grocery,Singlong Garlic Powder,55 g,RM 5.30,,https://myaeon2go.com/product/2990/garlic-powder
https://myaeon2go.com/products/category/6528959/grocery/pages/1-49,Grocery,St. Dalfour Fruit Spread Jam,,RM 17.05,,https://myaeon2go.com/product/2052/fruit-spread-orange-marmalade-jam
https://myaeon2go.com/products/category/6528959/grocery/pages/1-49,Grocery,Adabi Serbuk Kunyit,30 g,RM 1.42,,https://myaeon2go.com/product/90/serbuk-kunyit
https://myaeon2go.com/products/category/6528959/grocery/pages/1-49,Grocery,Cap Rambutan Super Import (TSS) Oren,5 kg,RM 18.88,RM 19.32,https://myaeon2go.com/product/2595/super-import-%28tss%29-oren
https://myaeon2go.com/products/category/6528959/grocery/pages/1-49,Grocery,Heinz Tomato Ketchup,300 g,RM 5.45,,https://myaeon2go.com/product/5758/tomato-ketchup
https://myaeon2go.com/products/category/6528959/grocery/pages/1-49,Grocery,Arm & Hammer Pure Baking Soda,454 g,RM 5.88,RM 7.50,https://myaeon2go.com/product/7314/pure-baking-soda
https://myaeon2go.com/products/category/6528959/grocery/pages/1-49,Grocery,Colavita Pure Olive Oil,750 ml,RM 38.88,RM 50.05,https://myaeon2go.com/product/2219/pure-olive-oil
https://myaeon2go.com/products/category/6528959/grocery/pages/1-49,Grocery,Maggi Chili Sauce,340 g,RM 3.88,RM 4.30,https://myaeon2go.com/product/2800/chili-sauce
https://myaeon2go.com/products/category/6528959/grocery/pages/1-49,Grocery,Cirio Polpa Fine(Chopped Tomatoes)Onion Garlic,390 g,RM 4.48,RM 6.01,https://myaeon2go.com/product/14680/polpa-fine%28chopped-tomatoes%29onion-garlic
https://myaeon2go.com/products/category/6528959/grocery/pages/1-49,Grocery,St. Dalfour Fruit Spread Strawberry Jam,284 g,RM 17.05,,https://myaeon2go.com/product/6780/fruit-spread-strawberry-jam
https://myaeon2go.com/products/category/6528959/grocery/pages/1-49,Grocery,TOPVALU Best Price Pancake Mix,200 g,RM 5.50,,https://myaeon2go.com/product/22915/best-price-pancake-mix
https://myaeon2go.com/products/category/6528959/grocery/pages/1-49,Grocery,Duchef Tomato Puree,220 g,RM 4.20,,https://myaeon2go.com/product/2688/tomato-puree
https://myaeon2go.com/products/category/6528959/grocery/pages/1-49,Grocery,Nongshim Shin Stir Fry Ramyun Tom Yum (Bowl),117 g,RM 4.98,RM 5.99,https://myaeon2go.com/product/57394/nongshim-shin-stir-fry-ramyun-tom-yum-%28bowl%29-117-g
https://myaeon2go.com/products/category/6528959/grocery/pages/1-49,Grocery,Nongshim Shin Chicken Ramyun,5 x 120 g,RM 21.88,RM 22.80,https://myaeon2go.com/product/46677/nongshim-shin-chicken-ramyun-5-x-120-g
https://myaeon2go.com/products/category/6528959/grocery/pages/1-49,Grocery,Ina Pan Mee Broad,,RM 8.74 to RM 9.84,,https://myaeon2go.com/product/2419/pan-mee-plain-broad-noddles
https://myaeon2go.com/products/category/6528959/grocery/pages/1-49,Grocery,Ina Pan Mee Plain Broad Noddles,530 g,RM 8.74,,https://myaeon2go.com/product/2419/pan-mee-plain-broad-noddles
https://myaeon2go.com/products/category/6528959/grocery/pages/1-49,Grocery,Royal Umbrella Thai Fragrant Rice 5%,5 kg,RM 28.88,RM 39.47,https://myaeon2go.com/product/16005/thai-fragrant-rice-5%25
https://myaeon2go.com/products/category/6528959/grocery/pages/1-49,Grocery,Indomie Mi Goreng Pedas,5 x 80 g,RM 5.70,,https://myaeon2go.com/product/2428/mi-goreng-pedas
https://myaeon2go.com/products/category/6528959/grocery/pages/1-49,Grocery,San Remo Penne Rigati No.18,500 g,RM 5.50,,https://myaeon2go.com/product/8506/san-remo-penne-no-18500-g
https://myaeon2go.com/products/category/6528959/grocery/pages/1-49,Grocery,Indomie Mi Goreng Asli Value Pack,10 x 85 g,RM 9.58,RM 10.90,https://myaeon2go.com/product/2433/mi-goreng-asli-value-pack
https://myaeon2go.com/products/category/6528959/grocery/pages/1-49,Grocery,TOPVALU Extra Virgin Olive Oil,500 ml,RM 21.90,,https://myaeon2go.com/product/55848/topvalu-extra-virgin-olive-oil-500-ml
https://myaeon2go.com/products/category/6528959/grocery/pages/1-49,Grocery,Maggi Hot Mealz Kari Kaw Extra,90 g,RM 4.60,,https://myaeon2go.com/product/15353/hot-mealz-kari-kaw-extra
https://myaeon2go.com/products/category/6528959/grocery/pages/1-49,Grocery,Windmill Corn Starch,350 g,RM 6.81,,https://myaeon2go.com/product/2200/corn-starch
https://myaeon2go.com/products/category/6528959/grocery/pages/1-49,Grocery,Mamee Express Vegetarian Cup Instant Noodle,6 x 65 g,RM 11.83,,https://myaeon2go.com/product/10009/express-vegetarian-cup-instant-noodle
https://myaeon2go.com/products/category/6528959/grocery/pages/1-49,Grocery,San Remo Elbows,500 g,RM 5.30,,https://myaeon2go.com/product/2559/san-remo-elbows-no-35500-g
https://myaeon2go.com/products/category/6528959/grocery/pages/1-49,Grocery,Rasaku Coconut Milk,200 ml,RM 3.65,,https://myaeon2go.com/product/2183/coconut-milk
https://myaeon2go.com/products/category/6528959/grocery/pages/1-49,Grocery,Maggi Cukup Rasa All In One Seasoning,100 g,RM 3.65,,https://myaeon2go.com/product/9885/cukup-rasa-all-in-one-seasoning
https://myaeon2go.com/products/category/6528959/grocery/pages/1-49,Grocery,Hosen Mandarin Orange,312 g,RM 4.65,,https://myaeon2go.com/product/17291/mandarin-orange
https://myaeon2go.com/products/category/6528959/grocery/pages/1-49,Grocery,Ayam Brand Kernel Corn,425 g,RM 4.40,,https://myaeon2go.com/product/2292/kernel-corn
https://myaeon2go.com/products/category/6528959/grocery/pages/1-49,Grocery,Meriah Bread Crumbs Original,300 g,RM 5.73,,https://myaeon2go.com/product/2136/bread-crumbs-original
https://myaeon2go.com/products/category/6528959/grocery/pages/1-49,Grocery,Bird Of Paradise Super Import Thai 5%,10 kg,RM 45.88,RM 48.90,https://myaeon2go.com/product/2586/super-import-thai-5%25
https://myaeon2go.com/products/category/6528959/grocery/pages/1-49,Grocery,Lee Kum Kee Oriental BBQ Sauce,240 g,RM 6.78,RM 7.73,https://myaeon2go.com/product/5128/oriental-bbq-sauce
https://myaeon2go.com/products/category/6528959/grocery/pages/1-49,Grocery,Samyang Hot Chicken Ramen Carbonara Bowl,105 g,RM 7.84,,https://myaeon2go.com/product/6660/hot-chicken-ramen-carbonara-bowl
https://myaeon2go.com/products/category/6528959/grocery/pages/1-49,Grocery,Knorr Cube Chicken,6 Cubes,RM 2.88,RM 3.40,https://myaeon2go.com/product/2933/cube-chicken
https://myaeon2go.com/products/category/6528959/grocery/pages/1-49,Grocery,Adabi Sup Bunjut,6 pcs,RM 8.40,,https://myaeon2go.com/product/42470/adabi-sup-bunjut-ekonomi-pek-6-s-x-8-g
https://myaeon2go.com/products/category/6528959/grocery/pages/1-49,Grocery,Saga Sardine In Tomato Sauce,400 g,RM 4.10,,https://myaeon2go.com/product/6655/sardine-in-tomato-sauce
https://myaeon2go.com/products/category/6528959/grocery/pages/1-49,Grocery,Ayam Brand Tuna Flake In Sunflower Oil,150 g,RM 7.59,,https://myaeon2go.com/product/8372/tuna-flake-in-sunflower-oil
https://myaeon2go.com/products/category/6528959/grocery/pages/1-49,Grocery,Samyang Hot Chicken Bowl 105 g,,RM 7.84,,https://myaeon2go.com/product/6660/hot-chicken-ramen-carbonara-bowl
https://myaeon2go.com/products/category/6528959/grocery/pages/1-49,Grocery,A1 Instant Sauce,,RM 5.68,RM 6.23,https://myaeon2go.com/product/38/instant-sauce-chicken-curry
https://myaeon2go.com/products/category/6528959/grocery/pages/1-49,Grocery,A1 Instant Sauce Chicken Curry,200 g,RM 5.68,RM 6.23,https://myaeon2go.com/product/38/instant-sauce-chicken-curry
https://myaeon2go.com/products/category/6528959/grocery/pages/1-49,Grocery,Phkarkhnei Cambodia White Rice,5 kg,RM 30.68,RM 35.07,https://myaeon2go.com/product/2648/cambodia-white-rice
https://myaeon2go.com/products/category/6528959/grocery/pages/1-49,Grocery,Rasa Enak Coconut Milk,200 ml,RM 3.00,,https://myaeon2go.com/product/6587/coconut-milk
https://myaeon2go.com/products/category/6528959/grocery/pages/1-49,Grocery,Taj Mahal Herbal Ponni Rice 5%,5 kg,RM 32.88,RM 36.80,https://myaeon2go.com/product/2662/herbal-ponni-rice-5%25
https://myaeon2go.com/products/category/6528959/grocery/pages/1-49,Grocery,Barilla Fusilli,500 g,RM 7.90,,https://myaeon2go.com/product/2398/fusilli
https://myaeon2go.com/products/category/6528959/grocery/pages/1-49,Grocery,Barilla Bolognese Sauce,400 g,RM 13.88,RM 17.93,https://myaeon2go.com/product/11732/bolognese-sauce
https://myaeon2go.com/products/category/6528959/grocery/pages/1-49,Grocery,Salt Sense Natural Himalayan White Rock Salt,500 g,RM 2.94,,https://myaeon2go.com/product/10778/natural-himalayan-white-rock-salt
https://myaeon2go.com/products/category/6528959/grocery/pages/1-49,Grocery,Prego Mushroom Carbonara Mac Instant Pasta Bowl,71 g,RM 4.48,RM 5.80,https://myaeon2go.com/product/44037/mushroom-carbonara-mac-instant-pasta-bowl
https://myaeon2go.com/products/category/6528959/grocery/pages/1-49,Grocery,Prego Mac & Cheese,70 g,RM 4.80,,https://myaeon2go.com/product/6516/mac-&-cheese
https://myaeon2go.com/products/category/6528959/grocery/pages/1-49,Grocery,Colavita Balanced Flavor Extra Virgin Olive Oil,1 liter,RM 59.88,RM 72.50,https://myaeon2go.com/product/2213/balanced-flavor-extra-virgin-olive-oil
https://myaeon2go.com/products/category/6528959/grocery/pages/1-49,Grocery,Kimball Spiral,400 g,RM 3.58,RM 3.99,https://myaeon2go.com/product/2440/spiral
https://myaeon2go.com/products/category/6528959/grocery/pages/1-49,Grocery,Ina Pan Mee Pumpkin Thin,530 g,RM 9.84,,https://myaeon2go.com/product/2424/pan-mee-pumpkin-thin
https://myaeon2go.com/products/category/6528959/grocery/pages/1-49,Grocery,Kalbe Fitbar Choco Delight,5's x 22 g,RM 12.90,,https://myaeon2go.com/product/34657/fitbar-choco-delight
https://myaeon2go.com/products/category/6528959/grocery/pages/1-49,Grocery,Ayam Brand Chopped Tomatoes,380 g,RM 6.00,,https://myaeon2go.com/product/17100/chopped-tomatoes
https://myaeon2go.com/products/category/6528959/grocery/pages/1-49,Grocery,Sante Granola Nut,350 g,RM 12.58,RM 13.80,https://myaeon2go.com/product/34327/granola-nut
https://myaeon2go.com/products/category/6528959/grocery/pages/1-49,Grocery,Oriental Pandan Kaya,260 g,RM 10.15,,https://myaeon2go.com/product/34695/pandan-kaya
https://myaeon2go.com/products/category/6528959/grocery/pages/1-49,Grocery,Ina Pan Mee Thin,,RM 8.74 to RM 9.84,,https://myaeon2go.com/product/2424/pan-mee-pumpkin-thin
https://myaeon2go.com/products/category/6528959/grocery/pages/1-49,Grocery,Adabi Tepung Cucur Ikan Bilis,200 g,RM 4.20,,https://myaeon2go.com/product/105/tepung-cucur-ikan-bilis
https://myaeon2go.com/products/category/6528959/grocery/pages/1-49,Grocery,Adabi Tepung Cucur Lemak Manis,200 g,RM 4.25,,https://myaeon2go.com/product/106/tepung-cucur-lemak-manis
https://myaeon2go.com/products/category/6528959/grocery/pages/1-49,Grocery,Lee Kum Kee Panda Brand Oyster Sauce,255 g,RM 5.53,,https://myaeon2go.com/product/9880/panda-brand-oyster-sauce
https://myaeon2go.com/products/category/6528959/grocery/pages/1-49,Grocery,Royal Umbrella Thai Fragrant Rice 5%,10 kg,RM 57.88,RM 76.90,https://myaeon2go.com/product/11688/thai-fragrant-rice-5%25
https://myaeon2go.com/products/category/6528959/grocery/pages/1-49,Grocery,Adabi Tepung Cucur,,RM 4.20 to RM 4.55,,https://myaeon2go.com/product/105/tepung-cucur-ikan-bilis
https://myaeon2go.com/products/category/6528959/grocery/pages/1-49,Grocery,TOPVALU Roasted Sesame White,60 g,RM 4.30,,https://myaeon2go.com/product/21220/roasted-sesame-white
https://myaeon2go.com/products/category/6528959/grocery/pages/1-49,Grocery,Peace Brand Extra King Longan,565 g,RM 10.78,RM 11.37,https://myaeon2go.com/product/6474/extra-king-longan
https://myaeon2go.com/products/category/6528959/grocery/pages/1-49,Grocery,CED Pure Honey Squeezed Bottle,380 g,RM 10.50,,https://myaeon2go.com/product/1966/pure-honey-squeezed-bottle
https://myaeon2go.com/products/category/6528959/grocery/pages/1-49,Grocery,TOPVALU Refined Palm Olein Cooking Oil,5 kg,RM 29.90,,https://myaeon2go.com/product/39567/refined-palm-olein-cooking-oil
https://myaeon2go.com/products/category/6528959/grocery/pages/1-49,Grocery,Blue Key Self Raising Flour,1 kg,RM 4.78,RM 5.30,https://myaeon2go.com/product/2095/self-raising-flour
https://myaeon2go.com/products/category/6528959/grocery/pages/1-49,Grocery,Cirio Diced Tomatoes (Polpa),400 g,RM 7.39,,https://myaeon2go.com/product/17269/diced-tomatoes-%28polpa%29
https://myaeon2go.com/products/category/6528959/grocery/pages/1-49,Grocery,Blue Key Flour,,RM 4.38 to RM 5.38,RM 5.86,https://myaeon2go.com/product/2093/pau-flour
https://myaeon2go.com/products/category/6528959/grocery/pages/1-49,Grocery,Maggi Hot Mealz Cili Kampung,94 g,RM 4.60,,https://myaeon2go.com/product/31772/hot-mealz-cili-kampung
https://myaeon2go.com/products/category/6528959/grocery/pages/1-49,Grocery,Nongshim Clay Pot Ramyun Cup Noodle,70 g,RM 4.38,RM 5.00,https://myaeon2go.com/product/8353/clay-pot-ramyun-cup-noodle
https://myaeon2go.com/products/category/6528959/grocery/pages/1-49,Grocery,Ayam Brand Tuna Spread,160 g,RM 7.68,,https://myaeon2go.com/product/2320/tuna-spread
https://myaeon2go.com/products/category/6528959/grocery/pages/1-49,Grocery,Chek Hup Brown Sugar,300 g,RM 2.79,,https://myaeon2go.com/product/3023/brown-sugar
https://myaeon2go.com/products/category/6528959/grocery/pages/1-49,Grocery,Meriah Bread Flour,1 kg,RM 9.66,,https://myaeon2go.com/product/2137/bread-flour
https://myaeon2go.com/products/category/6528959/grocery/pages/1-49,Grocery,Munchy's Oat Krunch Breakfast Cranberry,192 g,RM 6.50,,https://myaeon2go.com/product/26548/oat-krunch-breakfast-cranberry
https://myaeon2go.com/products/category/6528959/grocery/pages/1-49,Grocery,Cirio Red Kidney,380 g,RM 5.88,RM 6.25,https://myaeon2go.com/product/16918/red-kidney
https://myaeon2go.com/products/category/6528959/grocery/pages/1-49,Grocery,Knorr Cup Mashed Potato Cheese,26 g,RM 4.63,,https://myaeon2go.com/product/5906/cup-mashed-potato-cheese
https://myaeon2go.com/products/category/6528959/grocery/pages/1-49,Grocery,"Prego Tomato, Basil Garlic Spaghetti Sauce",680 g,RM 12.88,RM 15.00,https://myaeon2go.com/product/6514/tomato%2C-basil-garlic-spaghetti-sauce
https://myaeon2go.com/products/category/6528959/grocery/pages/1-49,Grocery,Salt Sense Natural Himalayan Pink Rock Salt,1 kg,RM 5.58,RM 5.80,https://myaeon2go.com/product/60404/salt-sense-natural-himalayan-pink-rock-salt-1-kg
https://myaeon2go.com/products/category/6528959/grocery/pages/1-49,Grocery,Nestle Nestum 3 In 1 Brown Rice,10 x 27 g,RM 10.98,RM 12.89,https://myaeon2go.com/product/2016/nestum-3-in-1-brown-rice
https://myaeon2go.com/products/category/6528959/grocery/pages/1-49,Grocery,My Kuali Penang White Curry Bowl Beehoon,115 g,RM 5.93,,https://myaeon2go.com/product/6238/penang-white-curry-bowl-beehoon
https://myaeon2go.com/products/category/6528959/grocery/pages/1-49,Grocery,Golden Dragon Brand Mee Suah Flour Vermicelli,120 g,RM 2.43,,https://myaeon2go.com/product/16785/mee-suah-flour-vermicelli
https://myaeon2go.com/products/category/6528959/grocery/pages/1-49,Grocery,Mahsuri Berperisa Tiram,510 g,RM 5.48,RM 6.25,https://myaeon2go.com/product/6097/mahsuri-berperisa-tiram-510-g
https://myaeon2go.com/products/category/6528959/grocery/pages/1-49,Grocery,Lee Kum Kee Light Soy Sauce,500 ml,RM 6.15,,https://myaeon2go.com/product/2771/light-soy-sauce
https://myaeon2go.com/products/category/6528959/grocery/pages/1-49,Grocery,Lee Kum Kee Chili Beans Sauce,226 g,RM 6.78,RM 7.73,https://myaeon2go.com/product/2768/chili-beans-sauce
https://myaeon2go.com/products/category/6528959/grocery/pages/1-49,Grocery,Pinnacle Mauri Pan Instant Yeast,5 X 11 g,RM 4.17,,https://myaeon2go.com/product/8370/mauri-pan-instant-yeast
https://myaeon2go.com/products/category/6528959/grocery/pages/1-49,Grocery,Kewpie Dressing Roasted Sesame Yuzu Taste,210 ml,RM 8.48,RM 9.13,https://myaeon2go.com/product/2737/dressing-roasted-sesame-yuzu-taste
https://myaeon2go.com/products/category/6528959/grocery/pages/1-49,Grocery,Knife Cooking Oil,3 kg,RM 23.46,,https://myaeon2go.com/product/2230/cooking-oil
https://myaeon2go.com/products/category/6528959/grocery/pages/1-49,Grocery,Lady's Choice Mayonnaise Sebenar (Sachet),40 ml,RM 1.74,,https://myaeon2go.com/product/8383/mayonnaise-sebenar-%28sachet%29
https://myaeon2go.com/products/category/6528959/grocery/pages/1-49,Grocery,Cirio Baked Beans,420 g,RM 5.88,RM 6.76,https://myaeon2go.com/product/9965/baked-beans
https://myaeon2go.com/products/category/6528959/grocery/pages/1-49,Grocery,Adabi Cili Giling,400 g,RM 6.50,,https://myaeon2go.com/product/52360/adabi-cili-giling-400-g
https://myaeon2go.com/products/category/6528959/grocery/pages/1-49,Grocery,Alagappa's Papadam,100 g,RM 2.35,,https://myaeon2go.com/product/17390/papadam
https://myaeon2go.com/products/category/6528959/grocery/pages/1-49,Grocery,Adabi Perencah Sup,24 g,RM 1.74,,https://myaeon2go.com/product/103/perencah-sup
https://myaeon2go.com/products/category/6528959/grocery/pages/1-49,Grocery,Nature's Own Instantant Porridge-Anchovy,40 g,RM 2.70,,https://myaeon2go.com/product/17418/own-instantant-porridge-anchovy
https://myaeon2go.com/products/category/6528959/grocery/pages/1-49,Grocery,Alishan Pickled Lettuce,182 g,RM 2.20,,https://myaeon2go.com/product/2277/pickled-lettuce
https://myaeon2go.com/products/category/6528959/grocery/pages/1-49,Grocery,Ayam Brand Chicken Curry Paste,180 g,RM 5.00,,https://myaeon2go.com/product/26333/chicken-curry-paste
https://myaeon2go.com/products/category/6528959/grocery/pages/1-49,Grocery,Baba's Serbuk Kari Ikan,25 g,RM 1.20,,https://myaeon2go.com/product/2917/serbuk-kari-ikan
https://myaeon2go.com/products/category/6528959/grocery/pages/1-49,Grocery,Nona Tepung Kastard,300 g,RM 3.04,,https://myaeon2go.com/product/16075/tepung-kastard
https://myaeon2go.com/products/category/6528959/grocery/pages/1-49,Grocery,Nongshim Shin Spicy Chicken Ramyun Bowl,114 g,RM 4.98,RM 6.00,https://myaeon2go.com/product/49561/nongshim-shin-spicy-chicken-ramyun-bowl-114-g
https://myaeon2go.com/products/category/6528959/grocery/pages/1-49,Grocery,Marina Tuna Chunks In Oil,185 g,RM 6.14,,https://myaeon2go.com/product/2365/marina-tuna-chunks-in-vegetable-oil-185-g
https://myaeon2go.com/products/category/6528959/grocery/pages/1-49,Grocery,Daisy Seri Kaya,480 g,RM 7.50,,https://myaeon2go.com/product/9102/seri-kaya
https://myaeon2go.com/products/category/6528959/grocery/pages/1-49,Grocery,Kellogg's Coco Chex,330 g,RM 12.98,RM 14.86,https://myaeon2go.com/product/5841/coco-chex
https://myaeon2go.com/products/category/6528959/grocery/pages/1-49,Grocery,Pama Mee Tom Yam,5 x 55 g,RM 7.86,,https://myaeon2go.com/product/2522/mee-tom-yam
https://myaeon2go.com/products/category/6528959/grocery/pages/1-49,Grocery,Adabi Sambal Belacan Pedas & Tradisi,180 g,RM 6.97,,https://myaeon2go.com/product/5150/sambal-belacan-pedas-&-tradisi
https://myaeon2go.com/products/category/6528959/grocery/pages/1-49,Grocery,Life Tomato Sauce,485 g,RM 5.07,,https://myaeon2go.com/product/6000/tomato-sauce
https://myaeon2go.com/products/category/6528959/grocery/pages/1-49,Grocery,Adabi Sambal Cup,,RM 6.97,,https://myaeon2go.com/product/84/sambal-belacan-moden
https://myaeon2go.com/products/category/6528959/grocery/pages/1-49,Grocery,Jalen Cuka Buatan,325 ml,RM 2.61,,https://myaeon2go.com/product/2721/cuka-buatan
https://myaeon2go.com/products/category/6528959/grocery/pages/1-49,Grocery,TOPVALU Best Price Somen Noodle,6 x 100 g,RM 8.80,,https://myaeon2go.com/product/9615/best-price-somen-noodle
https://myaeon2go.com/products/category/6528959/grocery/pages/1-49,Grocery,Fortune Brand Baby Abalone In Brine,425 g,RM 43.88,RM 98.18,https://myaeon2go.com/product/10985/baby-abalone-in-brine
https://myaeon2go.com/products/category/6528959/grocery/pages/1-49,Grocery,Kimball Chilli Sauce,500 g,RM 5.38,RM 5.72,https://myaeon2go.com/product/2750/chilli-sauce
https://myaeon2go.com/products/category/6528959/grocery/pages/1-49,Grocery,San Remo Vegeroni Spiral,375 g,RM 5.30,,https://myaeon2go.com/product/2552/san-remo-active-vegeroni-spiral-no-121375-g
https://myaeon2go.com/products/category/6528959/grocery/pages/1-49,Grocery,Asam Jawa,500 g,RM 3.40,,https://myaeon2go.com/product/6486/asam-jawa-500-g
https://myaeon2go.com/products/category/6528959/grocery/pages/1-49,Grocery,McCormick Black Pepper Grinder,28 g,RM 9.88,RM 12.79,https://myaeon2go.com/product/14664/black-pepper-grinder
https://myaeon2go.com/products/category/6528959/grocery/pages/1-49,Grocery,Knife Light Soy Sauce,500 ml,RM 5.68,RM 6.32,https://myaeon2go.com/product/2760/light-soy-sauce
https://myaeon2go.com/products/category/6528959/grocery/pages/1-49,Grocery,Baba's Serbuk Kari 25 g,,RM 1.20 to RM 1.34,,https://myaeon2go.com/product/2917/serbuk-kari-ikan
https://myaeon2go.com/products/category/6528959/grocery/pages/1-49,Grocery,Marmite Yeast Extract,410 g,RM 30.88,RM 37.07,https://myaeon2go.com/product/9893/marmite-yeast-extract-410-g
https://myaeon2go.com/products/category/6528959/grocery/pages/1-49,Grocery,Lee Kum Kee Panda Oyster Sauce,18 oz,RM 8.55,,https://myaeon2go.com/product/2773/lee-kum-kee-panda-oyster-sauce-510-g
https://myaeon2go.com/products/category/6528959/grocery/pages/1-49,Grocery,Prego Traditional Sauce,350 g,RM 8.33,,https://myaeon2go.com/product/6519/traditional-sauce
https://myaeon2go.com/products/category/6528959/grocery/pages/1-49,Grocery,Saji Cooking Oil,2 kg,RM 13.30,,https://myaeon2go.com/product/2261/cooking-oil
https://myaeon2go.com/products/category/6528959/grocery/pages/1-49,Grocery,Edsam Dry Seaweed (1 Pack),20 g,RM 5.88,,https://myaeon2go.com/product/27849/dry-seaweed-%281-pack%29
https://myaeon2go.com/products/category/6528959/grocery/pages/1-49,Grocery,CED Honey,1 kg,RM 19.63,,https://myaeon2go.com/product/5349/honey
https://myaeon2go.com/products/category/6528959/grocery/pages/1-49,Grocery,Prego Small Jar Pasta Sauce,,RM 8.33 to RM 9.33,,https://myaeon2go.com/product/2856/carbonara-mushroom
https://myaeon2go.com/products/category/6528959/grocery/pages/1-49,Grocery,Tean's Gourmet Tom Yam Paste,200 g,RM 4.88,RM 6.40,https://myaeon2go.com/product/11951/tom-yam-paste
https://myaeon2go.com/products/category/6528959/grocery/pages/1-49,Grocery,Nature Valley Crunchy - Oats & Dark Chocolate,252 g,RM 13.75,,https://myaeon2go.com/product/16929/crunchy---oats-&-dark-chocolate
https://myaeon2go.com/products/category/6528959/grocery/pages/1-49,Grocery,Mamee Chef Curry Laksa Instant Noodle,4 x 89 g,RM 5.88,RM 6.79,https://myaeon2go.com/product/10003/chef-curry-laksa-instant-noodle
https://myaeon2go.com/products/category/6528959/grocery/pages/1-49,Grocery,Lee Kum Kee Pure Sesame Oil,7 oz,RM 9.86,,https://myaeon2go.com/product/5978/lee-kum-kee-pure-sesame-oil-207-ml
https://myaeon2go.com/products/category/6528959/grocery/pages/1-49,Grocery,Cap Rambutan Super Import (TWR) Biru,10 kg,RM 35.58,RM 37.59,https://myaeon2go.com/product/2596/super-import-%28twr%29-biru
https://myaeon2go.com/products/category/6528959/grocery/pages/1-49,Grocery,"San Remo Tomato, Onion & Garlic Pasta Sauce",500 g,RM 9.88,RM 12.65,https://myaeon2go.com/product/9900/tomato%2C-onion-&-garlic-pasta-sauce
https://myaeon2go.com/products/category/6528959/grocery/pages/1-49,Grocery,Barilla Bavette Linguine,500 g,RM 6.38,RM 8.10,https://myaeon2go.com/product/2401/bavette-linguine
https://myaeon2go.com/products/category/6528959/grocery/pages/1-49,Grocery,Meet Mee Chili Pan Mee,120 g,RM 5.90,,https://myaeon2go.com/product/53149/meet-mee-chili-pan-mee-120-g
https://myaeon2go.com/products/category/6528959/grocery/pages/1-49,Grocery,Maggi Satay,100 g,RM 4.89,,https://myaeon2go.com/product/57410/maggi-satay-100-g
https://myaeon2go.com/products/category/6528959/grocery/pages/1-49,Grocery,Ayam Brand Kerisik Kelapa,40 g,RM 1.34,,https://myaeon2go.com/product/26001/kerisik-kelapa
https://myaeon2go.com/products/category/6528959/grocery/pages/1-49,Grocery,Ecobrown's Premiere Vermicelli,300 g,RM 3.78,RM 4.69,https://myaeon2go.com/product/2413/premiere-vermicelli
https://myaeon2go.com/products/category/6528959/grocery/pages/1-49,Grocery,Seri Murni Cooking Oil,2 kg,RM 13.22,,https://myaeon2go.com/product/2263/cooking-oil
https://myaeon2go.com/products/category/6528959/grocery/pages/1-49,Grocery,Leggo's Bolognese Mushroom,500 ml,RM 10.98,RM 13.30,https://myaeon2go.com/product/28887/bolognese-mushroom
https://myaeon2go.com/products/category/6528959/grocery/pages/1-49,Grocery,Kimball Fettucine,400 g,RM 3.58,RM 3.99,https://myaeon2go.com/product/2441/fettucine
https://myaeon2go.com/products/category/6528959/grocery/pages/1-49,Grocery,Heinz Distilled White Vinegar,946 ml,RM 15.85,,https://myaeon2go.com/product/2698/distilled-white-vinegar
https://myaeon2go.com/products/category/6528959/grocery/pages/1-49,Grocery,Oriental Traditional Kaya,260 g,RM 10.15,,https://myaeon2go.com/product/34687/traditional-kaya
https://myaeon2go.com/products/category/6528959/grocery/pages/1-49,Grocery,McCormick Chili Flakes,29 g,RM 11.38,RM 13.90,https://myaeon2go.com/product/44778/mccormick-chili-flakes-29-g
https://myaeon2go.com/products/category/6528959/grocery/pages/1-49,Grocery,Baba's Serbuk Kurma,125 g,RM 3.92,,https://myaeon2go.com/product/2914/serbuk-kurma
https://myaeon2go.com/products/category/6528959/grocery/pages/1-49,Grocery,Baba's Serbuk Kari Ikan,250 g,RM 6.16,,https://myaeon2go.com/product/2919/serbuk-kari-ikan
https://myaeon2go.com/products/category/6528959/grocery/pages/1-49,Grocery,Maggi Cukup Rasa All In One Seasoning,500 g,RM 9.90,,https://myaeon2go.com/product/9886/cukup-rasa-all-in-one-seasoning
https://myaeon2go.com/products/category/6528959/grocery/pages/1-49,Grocery,Mama Gula Melaka Comel Mini,6 x 350 g,RM 6.00,,https://myaeon2go.com/product/17984/gula-melaka-comel-mini
https://myaeon2go.com/products/category/6528959/grocery/pages/1-49,Grocery,Nongshim Shin Stir Fry Ramyun Bowl,103 g,RM 4.98,RM 6.00,https://myaeon2go.com/product/27042/shin-stir-fry-ramyun-bowl
https://myaeon2go.com/products/category/6528959/grocery/pages/1-49,Grocery,Jasmine Royal Siam Fragrant Rice,5 kg,RM 43.28,RM 45.08,https://myaeon2go.com/product/2621/royal-siam-fragrant-rice
https://myaeon2go.com/products/category/6528959/grocery/pages/1-49,Grocery,Lee Kum Kee Vegetarian Oyster Sauce,770 g,RM 8.38,RM 8.85,https://myaeon2go.com/product/5129/vegetarian-oyster-sauce
https://myaeon2go.com/products/category/6528959/grocery/pages/1-49,Grocery,Duchef Baked Beans,230 g,RM 3.25,,https://myaeon2go.com/product/55336/duchef-baked-beans-230-g
https://myaeon2go.com/products/category/6528959/grocery/pages/1-49,Grocery,Lingam's Appalam,100 g,RM 2.50,,https://myaeon2go.com/product/55855/lingam%27s-appalam-100-g
https://myaeon2go.com/products/category/6528959/grocery/pages/1-49,Grocery,Mahsuri Kicap Manis Pedas,410 ml,RM 5.48,RM 6.25,https://myaeon2go.com/product/6096/kicap-manis-pedas
https://myaeon2go.com/products/category/6528959/grocery/pages/1-49,Grocery,A1 Instant Green Bean Vermicelli,250 g,RM 7.68,RM 8.27,https://myaeon2go.com/product/7059/instant-green-bean-vermicelli
https://myaeon2go.com/products/category/6528959/grocery/pages/1-49,Grocery,Gardenia Numee Instant Noodle Curry,5 x 76 g,RM 4.29,RM 4.80,https://myaeon2go.com/product/26773/numee-instant-noodle-curry
https://myaeon2go.com/products/category/6528959/grocery/pages/1-49,Grocery,Ecobrown's Brown Rice Original,2 kg,RM 14.17,,https://myaeon2go.com/product/2598/brown-rice-original
https://myaeon2go.com/products/category/6528959/grocery/pages/1-49,Grocery,Munchy's Oat Krunch Breakfast Dark Chocolate With Blueberry,192 g,RM 6.50,,https://myaeon2go.com/product/26474/oat-krunch-breakfast-dark-chocolate-with-blueberry
https://myaeon2go.com/products/category/6528959/grocery/pages/1-49,Grocery,San Remo Tomato & Basil Pasta Sauce,500 g,RM 9.88,RM 12.65,https://myaeon2go.com/product/9899/tomato-&-basil-pasta-sauce
https://myaeon2go.com/products/category/6528959/grocery/pages/1-49,Grocery,Barilla Flat Fettuccine,500 g,RM 6.38,RM 8.10,https://myaeon2go.com/product/55584/barilla-flat-fettuccine-500-g
https://myaeon2go.com/products/category/6528959/grocery/pages/1-49,Grocery,TOPVALU 20 Mixed Grains,6 x 30 g,RM 15.50,,https://myaeon2go.com/product/25169/20-mixed-grains
https://myaeon2go.com/products/category/6528959/grocery/pages/1-49,Grocery,Kewpie Honey Mustard,130 ml,RM 6.63,,https://myaeon2go.com/product/5862/honey-mustard
https://myaeon2go.com/products/category/6528959/grocery/pages/1-49,Grocery,Ayam Brand Baked Beans In Light Tomato Sauce,230 g,RM 3.29,,https://myaeon2go.com/product/2279/baked-beans-in-light-tomato-sauce
https://myaeon2go.com/products/category/6528959/grocery/pages/1-49,Grocery,S&W Whole Peeled Tomatoes,14.5 oz,RM 9.29,,https://myaeon2go.com/product/2379/whole-peeled-tomatoes
https://myaeon2go.com/products/category/6528959/grocery/pages/1-49,Grocery,Seri Murni Cooking Oil,3 kg,RM 19.42,,https://myaeon2go.com/product/2264/cooking-oil
https://myaeon2go.com/products/category/6528959/grocery/pages/1-49,Grocery,Nureys Bawang Goreng,100 g,RM 3.36,,https://myaeon2go.com/product/6413/bawang-goreng
https://myaeon2go.com/products/category/6528959/grocery/pages/1-49,Grocery,Jati Glutinous Rice Flour,500 g,RM 3.98,RM 4.90,https://myaeon2go.com/product/5815/glutinous-rice-flour
https://myaeon2go.com/products/category/6528959/grocery/pages/1-49,Grocery,Mahsuri Sos Perisa Tiram,255 g,RM 3.87,,https://myaeon2go.com/product/5133/sos-perisa-tiram
https://myaeon2go.com/products/category/6528959/grocery/pages/1-49,Grocery,Cirio Peeled Tomato (Pelati),400 g,RM 7.44,,https://myaeon2go.com/product/22081/peeled-tomato-%28pelati%29
https://myaeon2go.com/products/category/6528959/grocery/pages/1-49,Grocery,Kimball Penne,400 g,RM 3.58,RM 3.99,https://myaeon2go.com/product/2443/penne
https://myaeon2go.com/products/category/6528959/grocery/pages/1-49,Grocery,Maggi 2 Minute Tom Yam Instant Noodle,5 x 83 g,RM 6.20,,https://myaeon2go.com/product/2454/2-minute-tom-yam-instant-noodle
https://myaeon2go.com/products/category/6528959/grocery/pages/1-49,Grocery,Tean's Gourmet Curry Laksa Paste,200 g,RM 4.88,RM 6.40,https://myaeon2go.com/product/11887/curry-laksa-paste
https://myaeon2go.com/products/category/6528959/grocery/pages/1-49,Grocery,Pama Instant Cup Bihun Clear Soup,50 g,RM 3.69,,https://myaeon2go.com/product/15227/instant-cup-bihun-clear-soup
https://myaeon2go.com/products/category/6528959/grocery/pages/1-49,Grocery,Baba's Serbuk Kari Daging,25 g,RM 1.20,,https://myaeon2go.com/product/2918/serbuk-kari-daging
https://myaeon2go.com/products/category/6528959/grocery/pages/1-49,Grocery,Maggi Ayam Percik,100 g,RM 4.89,,https://myaeon2go.com/product/16225/ayam-percik
https://myaeon2go.com/products/category/6528959/grocery/pages/1-49,Grocery,San Remo Instant Lasagna,250 g,RM 5.90,,https://myaeon2go.com/product/2561/san-remo-instant-lasagna-no-103250-g
https://myaeon2go.com/products/category/6528959/grocery/pages/1-49,Grocery,Samyang Hot Chicken Cheese Ramen Bowl,105 g,RM 7.84,,https://myaeon2go.com/product/6661/hot-chicken-cheese-ramen-bowl
https://myaeon2go.com/products/category/6528959/grocery/pages/1-49,Grocery,A1 Ho Fun (Rice Noodle),400 g,RM 9.88,RM 10.87,https://myaeon2go.com/product/32193/ho-fun-%28rice-noodle%29
https://myaeon2go.com/products/category/6528959/grocery/pages/1-49,Grocery,Double Swallow Agar-Agar,20 g,RM 3.41,,https://myaeon2go.com/product/2108/agar-agar
https://myaeon2go.com/products/category/6528959/grocery/pages/1-49,Grocery,TOPVALU Enriched Flour,1 kg,RM 3.30,,https://myaeon2go.com/product/44124/enriched-flour
https://myaeon2go.com/products/category/6528959/grocery/pages/1-49,Grocery,Seri-Aji Perencah Nasi Goreng Ikan Bilis,72 g,RM 3.74,,https://myaeon2go.com/product/11920/perencah-nasi-goreng-ikan-bilis
https://myaeon2go.com/products/category/6528959/grocery/pages/1-49,Grocery,St. Dalfour Fruit Spread Blueberry Jam,284 g,RM 17.05,,https://myaeon2go.com/product/2053/fruit-spread-blueberry-jam
https://myaeon2go.com/products/category/6528959/grocery/pages/1-49,Grocery,TOPVALU Best Price Curry Medium Hot,150 g,RM 5.90,,https://myaeon2go.com/product/9609/best-price-curry-medium-hot
https://myaeon2go.com/products/category/6528959/grocery/pages/1-49,Grocery,Lee Kum Kee Vegetarian Oyster Sauce,510 g,RM 6.83,,https://myaeon2go.com/product/2777/vegetarian-oyster-sauce
